:020000040800F2
:10000000C04C0020BD7F00088B340108A97F000888
:10001000A97F0008A97F0008A97F00080000000050
:1000200000000000000000000000000099800008AF
:10003000A97F0008000000002D80000839A00008FA
:1000400025820008258200082582000825820008F4
:1000500025820008258200082582000825820008E4
:1000600025820008258200082582000825820008D4
:1000700025820008258200082582000825820008C4
:1000800025820008258200082582000825820008B4
:1000900025820008258200082582000825820008A4
:1000A0002582000825820008258200082582000894
:1000B0002582000825820008258200082582000884
:1000C0002582000825820008258200082582000874
:1000D0002582000825820008258200082582000864
:1000E0002582000825820008258200082582000854
:1000F0002582000825820008258200082582000844
:100100002582000825820008258200082582000833
:100110002582000825820008258200082582000823
:100120002582000825820008258200082582000813
:100130002582000825820008258200082582000803
:1001400025820008258200082582000825820008F3
:1001500025820008258200082582000825820008E3
:1001600025820008258200082582000825820008D3
:1001700025820008258200082582000825820008C3
:1001800025820008258200082582000825820008B3
:1001900025820008258200082582000825820008A3
:1001A0002582000825820008258200082582000893
:1001B0002582000825820008258200082582000883
:1001C0002582000825820008258200082582000873
:0801D0002582000825820008C9
:1002000090F800F06DE9024520F007016FF0000C56
:1002100010F0070491F820F040F049804FF00004FE
:100220006FF00700D1E9002391F840F000F10800D9
:1002300082FA4CF2A4FA8CF283FA4CF3A2FA8CF311
:100240004BBBD1E9022382FA4CF200F10800A4FA78
:100250008CF283FA4CF3A2FA8CF3E3B9D1E90423CC
:1002600082FA4CF200F10800A4FA8CF283FA4CF303
:10027000A2FA8CF37BB9D1E9062301F1200182FABD
:100280004CF200F10800A4FA8CF283FA4CF3A2FAC3
:100290008CF3002BC6D0002A04BF04301A4612BAD1
:1002A000B2FA82F2FDE8024500EBD2007047D1E9D4
:1002B000002304F00305C4F100004FEAC50514F063
:1002C000040F91F840F00CFA05F562EA05021CBF34
:1002D00063EA050362464FF00004A9E7000000004E
:1002E000A2EB0300704700BF02780B78012A28BFF9
:1002F0009A42F5D16DE9044540EA0104CDE902676F
:100300006FF0000C4FEA447212B380EA010414F05B
:10031000070F6AD100F0070420F0070004F003057E
:1003200021F007014FEAC505F0E8042314F0040F9B
:10033000F1E804670CFA05F462EA040266EA0406CE
:100340000AD063EA0403624667EA0407664603E0EC
:10035000F0E80423F1E8046782FA4CF582EA060427
:10036000A4FA8CF46CBB83FA4CF583EA0705A5FA72
:100370008CF595B950E9022351E9026782FA4CF5F0
:1003800082EA0604A4FA8CF483FA4CF583EA0705A2
:10039000A5FA8CF52543DBD09CB92DBAB5FA85F4C6
:1003A00024F0070427FA04F1DDE9026723FA04F3D5
:1003B00003F0FF0001F0FF01FDE80445A0EB0100A0
:1003C000704724BAB4FA84F424F0070426FA04F13E
:1003D000DDE9026722FA04F202F0FF0001F0FF01FA
:1003E000FDE80445A0EB0100704714F0030F3CD179
:1003F00010F0030428D150F8082B51F8083B82FA7A
:100400004CF582EA0305A5FA8CF55DB950F8042C89
:1004100051F8043C82FA4CF582EA0305A5FA8CF502
:10042000002DE8D02DBAB5FA85F424F0070423FA9C
:1004300004F122FA04F202F0FF0001F0FF01FDE8EE
:100440000445A0EB010070474FEAC40420F003000C
:1004500050F8082B21F0030151F8083B0CFA04F482
:1004600062EA040263EA0403C9E710F003041AD045
:10047000A1EB040120F00300E40750F8042B06D0A0
:100480000FD28B785FFAA2F4E41A06D12BB1CB78A5
:100490005FFAB2F4E41A00D11BB920465DF8104BA4
:1004A000704701F1040150F8042BCC0721F003013F
:1004B00051F8043B48D824D222F07F4482FA4CF50C
:1004C00094EA1325A5FA8CF50AD165B951F8043BD5
:1004D00084EA0204B4EB036F0ED150F8042BEBE76F
:1004E0004FEA132355E035F07F454DD10878FDE8FC
:1004F0000445C0F1000070474FEA126203F0FF03A9
:1005000047E002EA1C4482FA4CF594EA1345A5FA46
:100510008CF50AD165B951F8043B84EA0204B4EBC6
:10052000034F0CD150F8042BEBE74FEA134330E0B4
:1005300015EA1C4528D10B884FEA124229E04FEA00
:10054000124203EA1C4324E002F0FF0482FA4CF555
:1005500094EA1365A5FA8CF50AD165B951F8043B04
:1005600084EA0204B4EB032F09D150F8042BEBE723
:100570004FEA13630DE015F0FF0F05D10B684FEA4A
:10058000122223F07F4304E04FF00000FDE8044511
:10059000704712BA1BBA82FA4CF482EA0304A4FA36
:1005A0008CF5B5FA85F402FA04F203FA04F34FEA83
:1005B0001260FDE80445A0EB1360704700000000E6
:1005C00001F0FF01102A2BDB10F0070F08D010F804
:1005D000013B013A8B422DD010F0070F42B3F6D108
:1005E000F0B441EA012141EA014122F007047FF021
:1005F00000070023F0E80256083C85EA010586EA78
:10060000010685FA47F5A3FA87F586FA47F6A5FAB3
:1006100087F68EB9EED1F0BC01F0FF0102F00702BF
:1006200032B110F8013B013A83EA010313B1F8D16A
:100630000020704701387047002D06BF354603384B
:10064000073815F0010F07D1013015F4807F02BF84
:10065000013015F4C03F0130F0BC0138704700BFD5
:10066000844641EA000313F003036DD1403A41D3BD
:1006700051F8043B40F8043B51F8043B40F8043B7C
:1006800051F8043B40F8043B51F8043B40F8043B6C
:1006900051F8043B40F8043B51F8043B40F8043B5C
:1006A00051F8043B40F8043B51F8043B40F8043B4C
:1006B00051F8043B40F8043B51F8043B40F8043B3C
:1006C00051F8043B40F8043B51F8043B40F8043B2C
:1006D00051F8043B40F8043B51F8043B40F8043B1C
:1006E00051F8043B40F8043B51F8043B40F8043B0C
:1006F000403ABDD2303211D351F8043B40F8043BAC
:1007000051F8043B40F8043B51F8043B40F8043BEB
:1007100051F8043B40F8043B103AEDD20C3205D3BB
:1007200051F8043B40F8043B043AF9D2043208D0B3
:10073000D2071CBF11F8013B00F8013B01D30B8825
:1007400003806046704700BF082A13D38B078DD003
:1007500010F003038AD0C3F10403D21ADB071CBFD5
:1007600011F8013B00F8013B80D331F8023B20F83F
:10077000023B7BE7043AD9D3013A11F8013B00F878
:10078000013BF9D20B7803704B7843708B78837000
:100790006046704781F0004102E000BF83F00043F3
:1007A00030B54FEA41044FEA430594EA050F08BF0C
:1007B00090EA020F1FBF54EA000C55EA020C7FEAD0
:1007C000645C7FEA655C00F0E2804FEA5454D4EB4D
:1007D0005555B8BF6D420CDD2C4480EA020281EA17
:1007E000030382EA000083EA010180EA020281EA4F
:1007F0000303362D88BF30BD11F0004F4FEA0131A1
:100800004FF4801C4CEA113102D0404261EB4101AF
:1008100013F0004F4FEA03334CEA133302D0524235
:1008200063EB430394EA050F00F0A780A4F10104F1
:10083000D5F1200E0DDB02FA0EFC22FA05F280182B
:1008400041F1000103FA0EF2801843FA05F3594111
:100850000EE0A5F120050EF1200E012A03FA0EFC90
:1008600028BF4CF0020C43FA05F3C01851EBE371BA
:1008700001F0004507D54FF0000EDCF1000C7EEBD7
:1008800000006EEB0101B1F5801F1BD3B1F5001F15
:100890000CD349085FEA30004FEA3C0C04F1010434
:1008A0004FEA445212F5800F80F09A80BCF1004F5D
:1008B00008BF5FEA500C50F1000041EB045141EADF
:1008C000050130BD5FEA4C0C404141EB0101013CA8
:1008D00028BFB1F5801FE9D291F0000F04BF014697
:1008E0000020B1FA81F308BF2033A3F10B03B3F169
:1008F00020020CDA0C3208DD02F1140CC2F10C02F9
:1009000001FA0CF021FA02F10CE002F11402D8BF56
:10091000C2F1200C01FA02F120FA0CFCDCBF41EA22
:100920000C019040E41AA2BF01EB0451294330BDF1
:100930006FEA04041F3C1CDA0C340EDC04F11404CE
:10094000C4F1200220FA04F001FA02F340EA0300A5
:1009500021FA04F345EA030130BDC4F10C04C4F1EB
:10096000200220FA02F001FA04F340EA03002946CB
:1009700030BD21FA04F0294630BD94F0000F83F415
:10098000801306BF81F480110134013D4EE77FEAF8
:10099000645C18BF7FEA655C29D094EA050F08BF44
:1009A00090EA020F05D054EA000C04BF1946104625
:1009B00030BD91EA030F1EBF0021002030BD5FEA69
:1009C000545C05D14000494128BF41F0004130BD91
:1009D00014F580043CBF01F5801130BD01F00045E5
:1009E00045F0FE4141F470014FF0000030BD7FEA58
:1009F000645C1ABF194610467FEA655C1CBF0B4653
:100A0000024650EA013406BF52EA033591EA030F69
:100A100041F4002130BD00BF90F0000F04BF002161
:100A2000704730B54FF4806404F132044FF0000594
:100A30004FF0000150E700BF90F0000F04BF00210D
:100A4000704730B54FF4806404F1320410F0004573
:100A500048BF40424FF000013EE700BF42004FEA6E
:100A6000E2014FEA31014FEA02701FBF12F07F43EB
:100A700093F07F4F81F06051704732F07F4208BFA2
:100A8000704793F07F4F04BF41F40021704730B5A9
:100A90004FF4607401F0004521F000411CE700BFF5
:100AA00050EA010208BF704730B54FF000050AE078
:100AB00050EA010208BF704730B511F0004502D579
:100AC000404261EB41014FF4806404F132045FEA7B
:100AD000915C3FF4D8AE4FF003025FEADC0C18BF24
:100AE00003325FEADC0C18BF033202EBDC02C2F116
:100AF000200300FA03FC20FA02F001FA03FE40EAA8
:100B00000E0021FA02F11444BDE600BF70B54FF0AB
:100B1000FF0C4CF4E06C1CEA11541DBF1CEA135589
:100B200094EA0C0F95EA0C0F00F0DEF82C4481EAF1
:100B3000030621EA4C5123EA4C5350EA013518BF11
:100B400052EA033541F4801143F4801338D0A0FBFE
:100B500002CE4FF00005E1FB02E506F00042E0FBAB
:100B600003E54FF00006E1FB03569CF0000F18BFB1
:100B70004EF0010EA4F1FF04B6F5007F64F5407459
:100B800004D25FEA4E0E6D4146EB060642EAC621EC
:100B900041EA55514FEAC52040EA5E504FEACE2E59
:100BA000B4F1FD0C88BFBCF5E06F1ED8BEF1004F5C
:100BB00008BF5FEA500E50F1000041EB045170BDD8
:100BC00006F0004646EA010140EA020081EA03011C
:100BD000B4EB5C04C2BFD4EB0C0541EA045170BD18
:100BE00041F480114FF0000E013C00F3AB8014F192
:100BF000360FDEBF002001F0004170BDC4F10004DB
:100C0000203C35DA0C341BDC04F11404C4F120055B
:100C100000FA05F320FA04F001FA05F240EA0200B6
:100C200001F0004221F0004110EBD37021FA04F6EC
:100C300042EB06015EEA430E08BF20EAD37070BDA6
:100C4000C4F10C04C4F1200500FA04F320FA05F005
:100C500001FA04F240EA020001F0004110EBD37007
:100C600041F100015EEA430E08BF20EAD37070BD77
:100C7000C4F1200500FA05F24EEA020E20FA04F350
:100C800001FA05F243EA020321FA04F001F00041FF
:100C900021FA04F220EA020000EBD3705EEA430E70
:100CA00008BF20EAD37070BD94F0000F0FD101F09F
:100CB0000046400041EB010111F4801F08BF013CD8
:100CC000F7D041EA060195F0000F18BF704703F016
:100CD0000046520043EB030313F4801F08BF013D9D
:100CE000F7D043EA0603704794EA0C0F0CEA135559
:100CF00018BF95EA0C0F0CD050EA410618BF52EA13
:100D00004306D1D181EA030101F000414FF0000018
:100D100070BD50EA410606BF1046194652EA430626
:100D200019D094EA0C0F02D150EA013613D195EA9A
:100D30000C0F05D152EA03361CBF104619460AD1E2
:100D400081EA030101F0004141F0FE4141F47001EC
:100D50004FF0000070BD41F0FE4141F4780170BDDC
:100D600070B54FF0FF0C4CF4E06C1CEA11541DBF41
:100D70001CEA135594EA0C0F95EA0C0F00F0A7F843
:100D8000A4EB050481EA030E52EA03354FEA013170
:100D900000F088804FEA03334FF0805545EA131383
:100DA00043EA12634FEA022245EA111545EA10654B
:100DB0004FEA00260EF000419D4208BF964244F1E2
:100DC000FD0404F5407402D25B084FEA3202B61A01
:100DD00065EB03055B084FEA32024FF480104FF4D5
:100DE000002CB6EB020E75EB030E22BFB61A754649
:100DF00040EA0C005B084FEA3202B6EB020E75EBDC
:100E0000030E22BFB61A754640EA5C005B084FEA43
:100E10003202B6EB020E75EB030E22BFB61A754610
:100E200040EA9C005B084FEA3202B6EB020E75EB1B
:100E3000030E22BFB61A754640EADC0055EA060EDC
:100E400018D04FEA051545EA16754FEA06164FEA1F
:100E5000C30343EA52734FEAC2025FEA1C1CC0D1CB
:100E600011F4801F0BD141EA00014FF000004FF058
:100E7000004CB6E711F4801F04BF01430020B4F119
:100E8000FD0C88BFBCF5E06F3FF6AFAEB5EB030CD1
:100E900004BFB6EB020C5FEA500C50F1000041EBCE
:100EA000045170BD0EF0004E4EEA113114EB5C049B
:100EB000C2BFD4EB0C0541EA045170BD41F480116E
:100EC0004FF0000E013C90E645EA060E8DE60CEA76
:100ED000135594EA0C0F08BF95EA0C0F3FF43BAF93
:100EE00094EA0C0F0AD150EA01347FF434AF95EA4A
:100EF0000C0F7FF425AF104619462CE795EA0C0F2E
:100F000006D152EA03353FF4FDAE1046194622E7FA
:100F100050EA410618BF52EA43067FF4C5AE50EAD4
:100F200041047FF40DAF52EA43057FF4EBAE12E7C4
:100F30004FF0FF3C06E000BF4FF0010C02E000BFA5
:100F40004FF0010C4DF804CD4FEA410C7FEA6C5C88
:100F50004FEA430C18BF7FEA6C5C1BD001B050EA2B
:100F6000410C0CBF52EA430C91EA030F02BF90EA16
:100F7000020F0020704710F1000F91EA030F58BFD5
:100F8000994208BF90422CBFD8176FEAE37040F037
:100F9000010070474FEA410C7FEA6C5C02D150EAD5
:100FA000013C07D14FEA430C7FEA6C5CD6D152EA90
:100FB000033CD3D05DF8040B704700BF8446104655
:100FC00062468C461946634600E000BF01B5FFF754
:100FD000B7FF002848BF10F1000F01BD4DF808ED24
:100FE000FFF7F4FF0CBF012000205DF808FB00BFF5
:100FF0004DF808EDFFF7EAFF34BF012000205DF84F
:1010000008FB00BF4DF808EDFFF7E0FF94BF01209B
:1010100000205DF808FB00BF4DF808EDFFF7CEFF9C
:1010200094BF012000205DF808FB00BF4DF808EDDB
:10103000FFF7C4FF34BF012000205DF808FB00BFAC
:101040004FEA410C7FEA6C5C02D150EA013C0AD1C4
:101050004FEA430C7FEA6C5C02D152EA033C02D1B6
:101060004FF0000070474FF0010070474FEA410217
:1010700012F5001215D211D56FF47873B3EB6252EA
:1010800012D94FEAC12343F0004343EA505311F011
:10109000004F23FA02F018BF404270474FF00000A3
:1010A000704750EA013005D111F0004008BF6FF0E1
:1010B000004070474FF00000704700BF80F00040D4
:1010C00002E000BF81F0004142001FBF5FEA410320
:1010D00092EA030F7FEA226C7FEA236C6AD04FEA20
:1010E0001262D2EB1363C1BFD21841404840414065
:1010F000B8BF5B42192B88BF704710F0004F40F417
:10110000000020F07F4018BF404211F0004F41F432
:10111000000121F07F4118BF494292EA030F3FD0FE
:10112000A2F1010241FA03FC10EB0C00C3F1200311
:1011300001FA03F100F0004302D5494260EB4000A0
:10114000B0F5000F13D3B0F1807F06D340084FEA0B
:10115000310102F10102FE2A51D2B1F1004F40EB00
:10116000C25008BF20F0010040EA03007047490068
:1011700040EB0000013A28BFB0F5000FEDD2B0FA05
:1011800080FCACF1080CB2EB0C0200FA0CF0AABF28
:1011900000EBC25052421843BCBFD04018437047C6
:1011A00092F0000F81F4000106BF80F400000132CC
:1011B000013BB5E74FEA41037FEA226C18BF7FEAA3
:1011C000236C21D092EA030F04D092F0000F08BFE5
:1011D0000846704790EA010F1CBF0020704712F0CC
:1011E0007F4F04D1400028BF40F00040704712F10B
:1011F00000723CBF00F50000704700F0004343F070
:10120000FE4040F4000070477FEA226216BF0846A5
:101210007FEA23630146420206BF5FEA412390EA68
:10122000010F40F4800070474FF0000304E000BF5E
:1012300010F0004348BF40425FEA000C08BF70470F
:1012400043F0964301464FF000001CE050EA0102D3
:1012500008BF70474FF000030AE000BF50EA0102E8
:1012600008BF704711F0004302D5404261EB4101D5
:101270005FEA010C02BF84460146002043F0B643FA
:1012800008BFA3F18053A3F50003BCFA8CF2083A1F
:10129000A3EBC25310DB01FA02FC634400FA02FC28
:1012A000C2F12002BCF1004F20FA02F243EB02002F
:1012B00008BF20F00100704702F1200201FA02FC91
:1012C000C2F1200250EA4C0021FA02F243EB020084
:1012D00008BF20EADC7070474FF0FF0C1CEAD052C8
:1012E0001EBF1CEAD15392EA0C0F93EA0C0F6FD089
:1012F0001A4480EA010C400218BF5FEA41211ED067
:101300004FF0006343EA501043EA5111A0FB013152
:101310000CF00040B1F5000F3EBF490041EAD37127
:101320005B0040EA010062F17F02FD2A1DD8B3F1A3
:10133000004F40EBC25008BF20F00100704790F012
:10134000000F0CF0004C08BF49024CEA502040EA64
:1013500051207F3AC2BFD2F1FF0340EAC25070472A
:1013600040F400004FF00003013A5DDC12F1190F68
:10137000DCBF00F000407047C2F10002410021FADA
:1013800002F1C2F1200200FA02FC5FEA310040F1F2
:10139000000053EA4C0308BF20EADC70704792F06B
:1013A000000F00F0004C02BF400010F4000F013AA3
:1013B000F9D040EA0C0093F0000F01F0004C02BF9E
:1013C000490011F4000F013BF9D041EA0C018FE70D
:1013D0000CEAD15392EA0C0F18BF93EA0C0F0AD013
:1013E00030F0004C18BF31F0004CD8D180EA010039
:1013F00000F00040704790F0000F17BF90F0004FD2
:10140000084691F0000F91F0004F14D092EA0C0FB3
:1014100001D142020FD193EA0C0F03D14B0218BF46
:10142000084608D180EA010000F0004040F0FE408C
:1014300040F40000704740F0FE4040F44000704728
:101440004FF0FF0C1CEAD0521EBF1CEAD15392EAA7
:101450000C0F93EA0C0F69D0A2EB030280EA010C97
:1014600049024FEA402037D04FF0805343EA111130
:1014700043EA10130CF000408B4238BF5B0042F18E
:101480007D024FF4000C8B4224BF5B1A40EA0C0033
:10149000B3EB510F24BFA3EB510340EA5C00B3EB65
:1014A000910F24BFA3EB910340EA9C00B3EBD10F53
:1014B00024BFA3EBD10340EADC001B0118BF5FEAA5
:1014C0001C1CE0D1FD2A3FF650AF8B4240EBC250CE
:1014D00008BF20F0010070470CF0004C4CEA50208F
:1014E0007F32C2BFD2F1FF0340EAC250704740F4DE
:1014F00000004FF00003013A37E792F0000F00F0D0
:10150000004C02BF400010F4000F013AF9D040EA4D
:101510000C0093F0000F01F0004C02BF490011F4E1
:10152000000F013BF9D041EA0C0195E70CEAD153D9
:1015300092EA0C0F08D142027FF47DAF93EA0C0FC0
:101540007FF470AF084676E793EA0C0F04D14B02A4
:101550003FF44CAF08466EE730F0004C18BF31F056
:10156000004CCAD130F000427FF45CAF31F0004350
:101570007FF43CAF5FE700BF4FEA4002B2F1FE4F9D
:101580000FD34FF09E03B3EB12620DD94FEA002345
:1015900043F0004310F0004F23FA02F018BF40421E
:1015A00070474FF00000704712F1610F01D1420205
:1015B00005D110F0004008BF6FF0004070474FF0B9
:1015C000000070477BB972B90029BEBF00204FF000
:1015D000004106E008BF00281CBF6FF000414FF03B
:1015E000FF3000F057B8ADF1080C6DE904CE0029CA
:1015F00009DB002B1ADB00F062F8DDF804E0DDE91E
:10160000022304B07047404261EB4101002B1BDB19
:1016100000F055F8DDF804E0DDE9022304B04042B3
:1016200061EB4101524263EB43037047524263EB6B
:10163000430300F044F8DDF804E0DDE9022304B0E0
:10164000404261EB41017047524263EB430300F0BB
:1016500036F8DDF804E0DDE9022304B0524263EB22
:101660004303704753B94AB9002908BF00281CBF7B
:101670004FF0FF314FF0FF3000F00CB8ADF1080C27
:101680006DE904CE00F01BF8DDF804E0DDE902238B
:1016900004B07047704700BF430803F05533C01AC9
:1016A00000F03333800800F03330184400EB1010A2
:1016B0004FF0013300F00F305843000E70472DE912
:1016C000F04786468C460846089E154674461946DD
:1016D000002B40F0C2808542B2FA82F245D94AB16D
:1016E000C2F1200300FA02FC2EFA03F3954043EA0C
:1016F0000C0C94404FEA154EA8B2BCFBFEF8230C2C
:101700000EFB18CC08FB00F943EA0C43994528D995
:10171000EB1808F1FF3704D2994502D9A8F1020766
:101720002B44A3EB0903A4B2B3FBFEFC0EFB1C335A
:101730000CFB00F044EA0344A04214D92C190CF12C
:10174000FF3304D2A04202D9ACF102032C44241A84
:1017500043EA07401EB1D440002334607360BDE803
:10176000F0874746DDE76346F1E792BB431B012163
:101770004FEA154EAFB2B3FBFEFC200C0EFB1C3340
:101780000CFB07F840EA0343984562D9EB180CF1CB
:10179000FF3004D2984502D9ACF102002B44A3EBF0
:1017A0000803A4B2B3FBFEFC0EFB1C330CFB07F7D3
:1017B00044EA0344A7424ED92C190CF1FF3304D25A
:1017C000A74202D9ACF102032C44E41B43EA0040D7
:1017D000C0E7C2F1200320FA03F1954090402EFAB1
:1017E00003F303434FEA154EAFB2B1FBFEFC0EFB11
:1017F0001C10190C0CFB07F841EA0041884504FA5B
:1018000002F422D969180CF1FF3004D2884502D9BC
:10181000ACF102002944A1EB08019BB2B1FBFEFC34
:101820000EFB1C110CFB07F743EA01439F420ED944
:10183000EB180CF1FF3104D29F4202D9ACF1020146
:101840002B44DB1B41EA004192E76046E3E7614637
:10185000F7E76046A3E76346B7E7834206D916B9C0
:10186000002108467BE7C6E900E0F9E7B3FA83F711
:101870008FB9834201D3724508D8BEEB020460EBF6
:10188000030301209C461EB9002168E73846FAE7A9
:10189000C6E9004CF8E7C7F1200CBB4022FA0CF473
:1018A0001C432EFA0CF120FA0CF3B84001434FEA26
:1018B00014490EFA07F5B3FBF9F81FFA84FE09FB89
:1018C00018300B0C08FB0EFA43EA00439A4502FA63
:1018D00007F240D9E31808F1FF3004D29A4502D943
:1018E000A8F102002344A3EB0A0389B2B3FBF9F881
:1018F00009FB183308FB0EFE41EA03418E452CD943
:10190000611808F1FF3304D28E4502D9A8F1020311
:10191000214443EA0040A0FB0298A1EB0E0141459F
:10192000CE46434602D306D14D4504D2B9EB020E52
:1019300068EB04030138002EA6D0B5EB0E0261EB74
:10194000030101FA0CFC22FA07F34CEA0303F94005
:10195000C6E9003198E74046C5E74346D9E70000AD
:101960002DE9F04F4A4F8BB001F008F93B6803F0C6
:101970000703022B04D9474A0321384610F022FC02
:101980004FF0FF3344484FF0FF3208F0C9FF434B9C
:101990001B78002BF4D0424B1B884FF47A7513FB55
:1019A00005F340F6FF7293FBF2F303932B44049389
:1019B000DFF8F090D9F80830059308AA5B68012198
:1019C00048469847031E1ADBDDE908430693364B69
:1019D000069ADFF8D8A0A4FB03B603FB02663146E3
:1019E00029A3D3E900235846FFF73CFE4FF0FF3808
:1019F000D8457AEB060607900AD26FF085033A685D
:101A00005207BDD02A4A2248012110F0E4FB22E00F
:101A1000049B5D43069BA5FB046405FB0344214630
:101A200019A3D3E900233046FFF71CFEB0457AEB3B
:101A300004040346E1D3079A824202D26FF01503F1
:101A4000DDE700220092059A01211468079A4846B2
:101A5000A047031ED3DB3B6803F00703022B8FD99B
:101A60000398FFF7E1FB1349FFF7EAFC1249FFF780
:101A700033FCFFF781FD049B0090104A04480321CA
:101A800010F0B3FB7CE700BF00CA9A3B00000000E7
:101A9000140A0020066301089C0A00206622002028
:101AA00090090020A44C0108002D3101FFC99A3B88
:101AB0003E63010800007A440000F0424D630108D3
:101AC0002DE9F047044688B08846174612F09FFE7D
:101AD0000A220023FFF7C6FDB8F1010F06460D46A6
:101AE00007D102460B462046274910F003FE00208E
:101AF00011E07F6825483946FEF7F6FB70B12448AF
:101B00003946FEF7F1FB48B1204622493A4610F02B
:101B10000DFE6FF0040008B0BDE8F087304629469E
:101B200017A3D3E90023FFF74DFD06460D461046E7
:101B30001946194A0023FFF745FD80460F46104617
:101B400019464EF660220023FFF73CFD8246894687
:101B5000104619464FF47A720023FFF733FDCDE9A2
:101B600002A9CDE90623CDE90401CDE900870B499F
:101B700032462B46204610F0BDFDB8E7AFF300809B
:101B8000005C260500000000C2680108D368010857
:101B9000D6680108DF68010880EE3600F7680108A2
:101BA0002DE9F04F016C9FB016461F46CDE9046742
:101BB0002B9D039049B1426C4A6001239340044637
:101BC0008B600DF0DDFA00232364B7F10009B4BF88
:101BD000012300232B60764BBCBF29F00049CDF8D0
:101BE000149033EA090300F0AA80DDE904340022EE
:101BF000184621460023CDE90801FFF7EFF980469A
:101C000068B12A9A012313602C9B13B12C9A694B5B
:101C10001360694B0A930A981FB0BDE8F08F1CABA4
:101C200001931DAB00930398DDE908230DF0DCFD63
:101C30005FEA1955824640F09880DDE91C854544ED
:101C400005F23243202B40F38383C3F1400309FAAA
:101C500003F905F2124326FA03F349EA0300FEF7FB
:101C6000DBFE0123013DA1F1F8711193534B0022DA
:101C7000FEF794FD48A3D3E90023FEF747FF48A3EE
:101C8000D3E90023FEF78CFD064628460F46FEF7F3
:101C9000D3FE45A3D3E90023FEF738FF02460B46E7
:101CA00030463946FEF77CFD06460F46FFF7DEF963
:101CB00000228346002330463946FFF799F9002871
:101CC00040F01A83A8EB0508BBF1160F08F1FF34AA
:101CD00000F28B813A4D05EBCB05D5E90023DDE918
:101CE0000801FFF785F9002870D00023002C0BF1C4
:101CF000FF3B1093C0F27E8100230B93BBF1000FDA
:101D00006ADA0B9BA3EB0B030B93CBF10003CDE93A
:101D10000EB3289B092B4FF0000B65D8052B40F321
:101D20001C83043B28930025289B023B032B00F2D5
:101D30002386DFE813F060045D04540438042A9A13
:101D4000C9F3130942F20F7359EA060913601CD153
:101D50002C9B002B00F02B861A4B0A9308332C9AED
:101D60000A9813601FB0BDE8F08FDDE90812C2F3D6
:101D70001303084643F07F51CDF84480A5F2FF35A8
:101D8000DDF8708041F4401170E72C9B002B40F08F
:101D9000E7830D4B0A933EE761436F63A787D23F0A
:101DA000B3C8608B288AC63FFB799F501344D33F4A
:101DB0000000F07F39600108386001080000F83F3A
:101DC000005401085C60010868600108B8F1000F68
:101DD00040F3608410900B9000230F93289BCDF864
:101DE00038B0092B5C4499D90023CDE9283301256B
:101DF0004FF0FF330C950693039B00215964069B1B
:101E0000189303980DF096F90A90002800F0BD850C
:101E1000039B0A9A1A64069B0E2B00F21581002D73
:101E200000F012810E9A002A40F33B84B24D02F07A
:101E30000F0305EBC303D3E9008913461511DA0537
:101E400040F1FA83AD4BDDE90801D3E90823FEF741
:101E500087FFCDE9120105F00F0503277DB1A74EDD
:101E6000EB0708D540464946D6E90023FEF74EFE6B
:101E70000137804689466D1006F10806F0D14246CA
:101E80004B46DDE91201FEF76BFF80468946109B49
:101E900043B19B4B002240464946FFF7A9F8002872
:101EA00040F0F1843846FEF7C7FD42464B46FEF748
:101EB0002DFE944B0022FEF773FC069B0646A1F113
:101EC0005077002B00F0A9800E9B1993069B12936C
:101ED0000A9B894D49464046CDE914675E1CFFF7D1
:101EE000C5F8129905EBC10353E902120746CDE983
:101EF0001612FEF7A1FD02460B4640464946FEF784
:101F00004DFC89460C993037DDE916238046FFB237
:101F1000002900F053847C490020FEF721FFDDE911
:101F20001423FEF73BFC0A9D02460B46CDE9142321
:101F30002F7042464B46FFF779F8002840F097840F
:101F4000CDE91AB4CDF858A0129DDDE914AB0027F5
:101F50002AE00137AF4280F2DE846C4B504659468E
:101F60000022FEF7D3FD694B002282468B46404695
:101F70004946FEF7CBFD89468046FFF777F80446D1
:101F8000FEF75AFD02460B4640464946FEF706FC60
:101F9000303406F8014B52465B4680468946FFF7CF
:101FA00027F8002840F0B48442464B4654490020AC
:101FB000FEF7F4FB52465B46FFF71AF80028C8D03C
:101FC000199BDDF858A00A9A374603F1010802E090
:101FD000974200F07C843E4617F8013D392BF7D03C
:101FE0000133DBB23B70454675E10123002C1093B1
:101FF000BFF682AEC8F101030B9300247EE638469B
:10200000FEF71AFD42464B46FEF780FD3D4B00228F
:10201000FEF7C6FB0646A1F150773D4B40464946C8
:102020000022FEF7BBFB32463B4680468946FEF760
:10203000FDFF002840F05A8440464946324607F1E9
:102040000043FEF7D5FF28BB1D9B002BC0F29280FA
:102050000E9A0E2A00F38E80274D0E9B05EBC305CA
:10206000D5E90034CDE90434299B002B19DA069B0D
:10207000002B16DC0ED1264B0022DDE90401FEF711
:1020800045FD02460B46DDE90801FEF7BBFF0028CF
:1020900000F02C844FF000090A9E4F46299BDD4337
:1020A00025E2DDE90445DDE9088922462B46404664
:1020B0004946FEF755FEFEF7D9FF0646FEF7BCFC83
:1020C00022462B46FEF722FD0A9F0B460246494652
:1020D0004046FEF763FB06F1300307F8013B069B21
:1020E000012B00F012830125CDF818A09946DDE9F7
:1020F00004ABA8462CE000BF00540108D8530108E7
:102100000000F03F00001C400000E03F00002440C1
:102110000000144052465B4620462946FEF720FE4A
:10212000FEF7A4FF0646FEF787FC52465B46FEF725
:10213000EDFC08F101080B46024629462046FEF751
:102140002DFB06F13003C84507F8013B00F0DB82A8
:10215000B94B0022FEF7DAFC0022002304460D46AC
:10216000FEF73CFF0028D5D00E9DDDF818A0013504
:102170003E46B0E00C9A002A40F0D28000230F9D2A
:102180000B9E0C931F4656B1002C08DDA6420B9AFD
:102190003346A8BF2346D21A0B92F61AE41A0F9BB5
:1021A00053B10C9B13B1002D40F0E88251460F9AB9
:1021B00003980DF075F98246039801210DF08CF813
:1021C0008146BBF1000F40F0B681289B012B40F304
:1021D000CC810120204410F01F0000F09A80C0F153
:1021E0002003042B40F3DA810B9BC0F11C00034455
:1021F0000B93064404440B9B002B05DD51460398CA
:102200001A460DF0A7F98246002C05DD49460398D1
:1022100022460DF09FF98146109B002B40F0708103
:10222000069B002B40F348810C9B002B40F0A480C0
:102230000E9D0135DDF82880069CDDF80CB00126E6
:1022400007E0514600230A2258460CF0A3FF01364E
:102250008246494650460CF087FDA64200F1300305
:1022600008F8013BEDDB069A002AC8BF16460A9A19
:10227000D8BF012602EB060B002451460122039829
:1022800004930DF067F9494682460DF0DBF900280A
:1022900040F3E3810A9A02E05A4500F0E9815E4684
:1022A0000BF1FF3B16F8013C392BF5D001338BF8CD
:1022B0000030DDF80C80494640460CF061FF57B114
:1022C0002CB1BC4203D0214640460CF059FF039884
:1022D00039460CF055FF039851460CF051FF00238E
:1022E00033702A9B1D602C9B002B3FF494AC0A9802
:1022F0001E601FB0BDE8F08F5846FEF79DFB3246CA
:102300003B46FEF76BFE00287FF4DCAC0BF1FF3B95
:10231000D8E41C230B9A1A440B921E441C446AE70F
:10232000289A012A40F3A981069A0F9B551EAB42B9
:10233000C0F26B81002AA3EB050580F2DD820B9BC6
:10234000069A9E1A039801210CF0C6FF07461AE769
:10235000C3F1200306FA03F081E40125E4E43946E1
:10236000002303980A220CF015FF189B002B074648
:1023700040F3EF820E950693002E00F33F81BBF1F0
:10238000000F40F0DF81B8460A9E069C731E1C4475
:10239000049B0C9403F00103039C0F9349465046A1
:1023A0000CF0E2FC3946834650460DF04BF94246AC
:1023B0004946054620460DF065F9C26801460BF115
:1023C0003003002A3AD1089050460B930DF03AF9A9
:1023D0000899069020460CF0D3FE069A0B9B002A23
:1023E0005AD1289A1AB90F9A002A00F09A82002D21
:1023F00045DB0C9AB346B2420BF8013B00F0B981C1
:10240000514600230A2220460CF0C4FE474582466E
:1024100039464FF000034FF00A02204636D00CF048
:10242000B9FE4146074600230A2220460CF0B2FEC0
:102430005E468046B2E700BF000024400398069342
:102440000CF09EFE002D069B06DB049A289902F0F4
:1024500001020D432A432AD15146012203980493D5
:102460000DF078F8494682460DF0ECF80028049B00
:1024700040F3E880392B00F02F820BF131030E9DE1
:1024800006F8013B3C460135474612E70CF082FE58
:102490005E460746804681E7002DC0F27D8228997E
:1024A0000D430F990D4300F07782002AA1DD392BEF
:1024B00000F012820133E2E7289B022B7FF7B4AED3
:1024C000069B002B40F01D814946052203980CF025
:1024D00061FE0146814650460DF0B4F8002840F3F5
:1024E00010810A9E0E9D312306F8013B01350398A9
:1024F000494601350CF044FE002F7FF4E8AEEAE6D1
:10250000494650460DF09EF80028BFF689AE514668
:10251000002303980A220CF03DFE0E9B5D1E0C9BCF
:102520008246002B7FF41BAF189B002B40F3FF81EA
:102530000E9D06937EE601465A4603980CF0B0FFC6
:10254000289B012B81466CDD4FF0000BD9F8103031
:1025500009EB830318690CF06DFEC0F1200039E629
:10256000924B0A930333FFF7FABB049B002B7FF4D3
:1025700030AEDDE90412C2F31303002B7FF429AE61
:102580008B4B134023B10B9B01330B93013401237D
:10259000BBF1000F40F0AE819B461AE63FF42BAE34
:1025A000C0F13C03B6E601230C93299B0E9A134419
:1025B00018930133012B1E460693B8BF0126172E30
:1025C00040F3D581012204235B0003F11400B042E3
:1025D000114602F10102F7D9039B596411E401236A
:1025E0000C93299B002B33DD189306931E46E6E7D8
:1025F00000230C93D9E700230C93F2E739460398A4
:1026000032460CF0A7FF0746B9E60F9B069A0F95D6
:10261000EB1A9B440B9B1E46134414440B9300255A
:1026200090E6049B002B8FD1DDE90401C1F3130375
:102630000A46002B88D1A3E7DDE908230227CDE96C
:1026400012230BE47FF41BAFDA077FF518AF11E715
:10265000012329930693FFF7CFBB03D1049BDB072C
:102660003FF518AE5E461BF8013D302BFAD020E650
:102670000A9A3123013513701BE6119A002A00F0E3
:10268000F98003F233430B9A0F9D16461A441C44FB
:102690000B9257E6C8F1010304460B931090FFF725
:1026A0009BBB00F0EB800E9B424D5E4206F00F0399
:1026B00005EBC303D3E90023DDE90801FEF726FAA1
:1026C0003511CDE9120100F04D813B4E0023022768
:1026D00080468946E80709D5D6E9002340464946A1
:1026E000FEF714FA01378046894601236D1006F182
:1026F0000806EFD1002B7FF4CAABDDE91289FFF7A2
:10270000C6BB0A9ECAE4DDF818A00E9D02460B4621
:10271000FEF746F802460B46CDE906230135DDE912
:102720000423A846FEF782FC40B9DDE90423DDE975
:102730000601FEF753FC18B1F10701D50A9A4AE4E5
:102740003E46C8E5796803980CF0F4FC054600287D
:1027500000F026813B6902339A0007F10C010C302E
:10276000FDF77EFF0398294601220CF0F3FE804618
:102770000AE60E9D3C46013547467EE5DDF80C80B5
:1027800039462A4640460CF08BFE52460146074623
:1027900040460CF0CFFD5146824640460CF0F0FC1E
:1027A0000F9B5B1B0F933FF407ADFFE468600108CC
:1027B0000000F07F00540108D8530108DDE914013E
:1027C000FEF7A4F90A9B1F70129B012BCDE90C01A7
:1027D00000F0C680129F0A9BCDF844B01F447C4B8A
:1027E000002240464946FEF791F989468046FEF7A9
:1027F0003DFC8346FEF720F90BF1300B02460B46F9
:1028000040464946FDF7CAFF06F801BBB74280467D
:102810008946E4D1DDF844B06E4B0022DDE90C01BD
:10282000FDF7BEFF02460B4640464946FEF7FEFB5B
:10283000002867D1DDE90C2366490020FDF7AEFFD3
:1028400002460B4640464946FEF7D2FB48B91D9B5F
:10285000002BFFF693AC0E9B0E2B3FF78FACFFF7D0
:10286000FCBB3E46013F16F8013C302BF9D0199DC8
:10287000013530E51C9BC3F1360304E7DDE9088927
:102880000227FFF704BB069B002B3FF4B8AB189B55
:10289000002B7FF7D9AB0E9A1293013A4C4B199249
:1028A000404600224946FEF731F980468946781CA9
:1028B000FEF7C2F842464B46FEF728F9464B002287
:1028C000FDF76EFF0646A1F15077FFF701BB08F157
:1028D00001083123FFF786BB0E9D0A9AB3463923C0
:1028E0003C460BF8013B01354746D8E44FF0000960
:1028F0004F46F6E59B4629E60B9B1E4613441444BF
:102900000B931FE5199B0A9A03F10108FFF763BBBC
:10291000DDF858A0ABE7DDE91AB4DDF858A0FFF701
:1029200093BB392BD8D0002D3FF7A7ADA7E5289B47
:10293000022B0ADC189B069349460E9D0CF014FAF4
:102940000A9A00F1300313708DE4189B06930E95DC
:10295000B6E5289B022BF8DC189B0E9506930BE539
:10296000374659E7DDE912890227FFF790BA039B42
:1029700000215964FFF745BA039B00255D64294691
:1029800018460CF0D7FB0A90A8B9144B1448002243
:102990004FF4D5710DF042F8002A7FF770AD5BE57A
:1029A0000E4B0F482A4640F2EA210DF037F80D4B46
:1029B0000A93FFF730B9039B0A9A1A644FF0FF336A
:1029C0000122299518930C920693FFF73DBB00BF97
:1029D000000024400000E03F00001C406C60010843
:1029E000806001085C600108074B10B59C680648D0
:1029F000636920219847002805DB002142F210700E
:102A000011F05EFEF3E710BD244C01080548036891
:102A100003F00703022B03D9034A03210FF0D2BBB3
:102A2000704700BF140A0020F4610108094A1378B6
:102A300083F0010313700BB1FFF7E8BF064803688A
:102A400003F00703022B03D9044A03210FF0BABB9A
:102A5000704700BF66220020140A002004620108AB
:102A6000F8B500AF2A4C204611F047FC0346B8B930
:102A700028480268550711D021686C4688B06A461C
:102A8000254DC2E905514FF400719183234942F865
:102A9000101F4FF4E25101F0CDFFA546BD46F8BD31
:102AA0001F484FF480310EF05AFD034640B11948DB
:102AB00002685107F2D01B4A01210FF08CFBEDE7B1
:102AC000A5682369AE69DEB11B6813F4005F14BF0B
:102AD0004FF000734FF080634FF0A0720D2120463D
:102AE000B047034670B91049104B4B604FF4005388
:102AF0008B60EB69002BD1D0012220469847CDE7AF
:102B00006FF05703034802685207C7D0084AD3E75B
:102B1000E44B0108140A00201762010803000001B9
:102B2000D054010838620108A41D00202D2A000895
:102B30006662010808B50D48036803F00703022B1D
:102B400003D90B4A03210FF03DFB0A4811F0D5FBD6
:102B500050B109484FF4D0110EF001FD002803DBFD
:102B6000BDE80840FFF740BF08BD00BF140A0020C1
:102B70009D620108244C0108C8540108B0B51F4CDF
:102B80001F4884B002AF206011F0B7FB0346E0B9E4
:102B90001C480268520712D022686C4688B011683F
:102BA00002AA194DC2E905514FF4007191831749EA
:102BB00042F8101F4FF4E25101F03CFFA5464FF0E0
:102BC000FF3420460837BD46B0BD40F20943012519
:102BD00020683B60BD80836839461B689847041EA7
:102BE0000ADA084803685B07EBD0094A00942B46D1
:102BF00029460FF0FAFAE4E70024E2E7A01D0020DE
:102C0000844C0108140A0020B3620108030000018B
:102C1000D862010830B587B0114D1422002101A8F7
:102C200009F06CFD0223CDE9035302930C238DF8C8
:102C300014300C4B1868836801A95B689847041E20
:102C40000BDA094803685B0704D0084A23460121D0
:102C50000FF0C1FA20B207B030BDB5F90000FAE7B5
:102C600064220020A01D0020140A002066630108D1
:102C700008B5C82200230C4808F018F8FFF7CAFF6F
:102C80000A4B0B4A1B786BB1B2F90030C31A002B08
:102C9000B8BF5B421E2B06DD10800648BDE8084029
:102CA00007F00ABE108008BD000000206622002048
:102CB000900900209C0A002098B51148036803F091
:102CC0000703022B00AF12D96C4688B06A460D4B41
:102CD00053610D4B93614FF4007393830B4B42F898
:102CE000103F00234FF4E65101F0A4FEA546C82290
:102CF0000023074807F0A6FF0020BD4698BD00BF8F
:102D0000140A00208763010897630108030000018B
:102D10000000002013B5064904460FF0EBFC0548FF
:102D2000019401A908F04EFD002002B010BD00BFC3
:102D3000E06301087D2E000813B5064904460FF034
:102D4000D9FC0548019401A908F03CFD002002B01F
:102D500010BD00BFFC630108252E000813B506490D
:102D600004460FF0C7FC0548019401A908F02AFDAC
:102D7000002002B010BD00BF1B640108812D0008B7
:102D8000F0B5054687B00F6811F09BFB6B7B082BF5
:102D900096BF0F4A0F4E52F82360044605A92846F5
:102DA00011F09DFB0C4BE989002C08BF1C4695F9DE
:102DB0000E3050B9059A0091CDE9016207492246CB
:102DC00038460FF097FC07B0F0BD0022F3E700BFD4
:102DD000D85401084A640108526401085B64010880
:102DE00010B50C4904460FF085FC20460A494FF403
:102DF00080520FF07FFC402008F0F6FF38B111F050
:102E000015FE064920460FF075FC002010BD044950
:102E1000F8E700BFA9640108C9640108E864010873
:102E200002650108F0B58BB00F6804A9044611F0E3
:102E30005DFBE0B9204611F044FBDDE90456044691
:102E400015F1A9004FF0AA024FF0000346F100016E
:102E5000FEF708FC074BCDE90001CDE90256064913
:102E6000002C14BF22461A4638460FF043FC0BB024
:102E7000F0BD00BF52640108216501087FB5054619
:102E80000E6811F01EFB044603A9284611F027FB2B
:102E9000094B697B002C08BF1C4695F90E3048B9D8
:102EA000039ACDE900123046044922460FF022FC75
:102EB00004B070BD0022F4E7526401084C650108BB
:102EC0002DE9F04F91B08407009302F004030293C0
:102ED000C2F3C20303F10103DDF8688003920546E3
:102EE0000E46059340F0BA81041D30B1072909D878
:102EF0006FF01B0011B0BDE8F08F01F007063444FD
:102F0000C6F10806009B4FF00009591E4FF0040A55
:102F10004FF0FF330193CDF810904F46CB46534608
:102F20000DB1009A22600598002800F3E8809848C7
:102F3000009A824203D397488242C0F0E080039A0D
:102F4000A4EB050E92074FEA9E0000F103810F2FBC
:102F500000F2B180002D00F0058107F140020DEB79
:102F6000020C019A0CF8200C0CF8102C049801307B
:102F70000490E7E07A285DD84B280ED8472859D826
:102F800029282DD8252852D054D820287AD0233863
:102F9000D0F1000B4BEB000B74E04C382E2849D8D5
:102FA000DFE800F0704848484848484848484848E2
:102FB0004B484848484848484859484B4B59595944
:102FC000704B6D487048184B184848827F4B4848F2
:102FD0004B487F0000204FF0000B4FF0040A38E010
:102FE0002A38C0B2012202FA00F010EA0E0F49D1CD
:102FF00010F0625C2FD110EA020B43D06046013C16
:103000005444B4FBFAF40AFB04F4002D61D0A3EBA2
:10301000050CA444B4453FF66BAF002868D1042BDF
:1030200047D158F8043B2360043404232AE0019A72
:10303000013A01924FF0000B24E011F8010C6C28CA
:1030400034D111F8023C00206C2B8346C5D14FF0DF
:10305000080A5346D3E708F1070828F007080734A1
:10306000F8E802AB24F0070435B106982044B042DA
:103070003FF63EAFC4E900AB08344FF0000B4FF011
:10308000080A534611F8010F002878D0BBF1000F51
:103090007FF470AF2528F5D1019B013301934FF0E8
:1030A000010B4FF0040AECE7584694E700208346F2
:1030B000A5E7082B02D06FF015001BE708F1070801
:1030C00028F00708F8E80223C4E90023083408239D
:1030D000D8E768B9042B02D108F10408A4E7082B4B
:1030E000E9D108F1070828F0070808F10808EDE71A
:1030F000059A013A059258F8042B009210E7039ABA
:10310000900720D5A4EB050E4FEA9E004FF0010C6E
:10311000BEF5007FCFD20F2FCDD8F5B107F1400219
:103120000DEB020EC0B2019A0EF8200C0EF8102C16
:10313000BCF1000F3FF41AAF60F07F000EF8200CD6
:1031400009F101090137C5F10802043406924FF66E
:10315000DA7E97E74FF0000CDAE7BCF1000F01D000
:103160000136EFE7029802360028EBD10098CDE94E
:103170000631FDF745F8DDE906310644E2E7631B59
:10318000B3F5806F97D23DB9A6F10804E018B1E617
:10319000444A0108C8870108029A28609B082B70DE
:1031A0009DF81030C2B1EB7085F80290B9F1000FB4
:1031B00005D008A80022C5F1010C97420ED1C5F137
:1031C00001030DF120084FF0000A01930DF1300BBF
:1031D000574512D1601B8DE66B70E5E710F8013B97
:1031E000190608D50CEB040EB64503F07F033FF635
:1031F0007FAE04F8013B0132DFE7B9F1000F03D0E5
:1032000098F90020002A17DB029BD3B11AF80B2093
:1032100004F8012B0022019B18191044B0423FF61C
:1032200067AE98F8000004F8010B0099039220465D
:10323000FDF716FA039A14440AF1010A08F101088D
:10324000C6E798F8002055F822300093029B45F815
:1032500022300098FCF7D4FF421CDCE76FF00D0031
:1032600048E600BF2DE9F04F97B000AF90F802A0FC
:10327000D7F880B03B62CBF3C0030446FA62BB616F
:10328000894641B9457800780AEB800020444D45D5
:1032900017D8A0EB0409E378FB61BAF1000F02D064
:1032A0001BF0010F16D1FB6953BBFB6A1BB13A6AD5
:1032B0004946204698474D4628465C37BD46BDE8FE
:1032C000F08F461C3046FCF79BFF0130304409F17B
:1032D0000109DCE7237862687A62FA6A9900796109
:1032E00004EB8301002A40F004814D460E4601EBB9
:1032F0000A094FF000084E4550D101EB0A0610E0D4
:103300001BF0020FD1D023789A007A6162687A624A
:10331000FA6A04EB8301002A7BD14D4601EB0A06D1
:1033200090461BF0050F0CBF02230123FB62FB69D3
:1033300006EB430A0BF00203BB625645BCD016F8FD
:10334000021B16F8013C54F823909B4B994502D37D
:103350009A4B99453AD3BB69002B44D0786A0EF05A
:10336000B8FA00283FD09648036813F0060F13D030
:10337000E9468AB06A46934B53617B6AC2E90631DB
:103380004FF400731384904B42F8103F00234FF426
:10339000125101F04FFBCD46023DCEE716F8013B3E
:1033A000F96254F82300FCF72BFFD7F88430F96A50
:1033B00001304BB1D7F8883098453EBFD7F88430FC
:1033C00023F8180008F10108054494E7BB6923B10C
:1033D000786A0EF07EFA0028C5D11BF0010F05D1E6
:1033E000FB6AED1AA9E7BB6A002BA6D04846FCF79A
:1033F00007FFD7F8843053B1D7F8883098453FBFDE
:10340000D7F88420431C22F8183008F1010805443D
:1034100093E7BAF1000F72D01BF0040672D0D046C9
:10342000002607F1480052463B61B962FDF718F9E2
:10343000B96A3B6901EB0A02BA62FA69F96952009A
:10344000FA60BA6A02EB41023A610BF00202BA601A
:103450003A69B96A8A4257D162787A621BF0020FE0
:1034600032440CBF4FEA580100211BF0010FD2B2C9
:1034700040F09F801BF0040F14BF40460020BB614A
:103480006270A070E1703A6A7969FB6A20469847D9
:10349000051EFFF611AFBB6923707B6A6370FB6981
:1034A000E37041463A6AFB6A84F802A007F14800DB
:1034B0009847B0F10008C0F2BB807B693A6AA9EB7B
:1034C0000A01C91AFB68C91AD7E90A0398470028F4
:1034D000C0F2B080A84408EB00054FF0000B07F1E4
:1034E000380AB34572D300213A6AFB6A0846984706
:1034F000E2E656464FF0000807F1380093E75646DB
:10350000D04697E7B04695E7BA6A12F8021BBA624E
:1035100012F8015C284A54F82500904202D3274A49
:1035200090421ED3BA6932B1786A7B600EF0D1F94D
:103530007B6800288CD1BA6802BB08F1280207F129
:10354000300C08F10100944407F1580252FA80F05F
:1035500008F102080CF8101C5FFA88F800F8105CFB
:1035600076E7BA693AB1786A7B600EF0B2F97B68A7
:1035700000287FF46DAF1BF0010F09D006F128027F
:1035800007F13000711C161806F8205CCEB25FE718
:103590001BF0040F3FF45CAF08F1280207F1300084
:1035A00008F1010102EB000808F8105C5FFA81F8ED
:1035B0004EE7002063E700BF444A0108C8870108BE
:1035C000040A002061660108040000011BF80A30AB
:1035D00087F8373054F82390D7F884302BB3D7F8D6
:1035E00088309B4521D2D7F8843033F81B803A6A63
:1035F000FB6A012107F13700984700281ADB0544D0
:10360000B8F1000F06D14846FCF7FAFD00F10108B9
:103610001FFA88F83A6AFB6A4146484698470028EC
:1036200008DB05440BF1010B5BE74FF00008DEE718
:10363000454641E605463FE630B50446EFF31185C1
:10364000102383F31288BFF36F8F044B0FCB84E8F2
:103650000F0085F31188BFF36F8F30BD200D002060
:1036600001281FB50C4605D004281DD06FF01500A9
:1036700004B010BD11F0CBF842F210720023FDF738
:10368000F1FF104B5A43C4E90001A2606846FFF7FE
:10369000D3FF694620460EF041F918B90A4B0FCB0B
:1036A00084E80F000020E3E711F0B1F842F2107255
:1036B0000023FDF7D7FF034B5A43C4E90001A26082
:1036C000F0E700BFA08601007053010801287FB514
:1036D0000D462DD18A68184B9A4229D811F097F8D7
:1036E00042F210720023FDF7BDFF144B404261EB24
:1036F00041016C46CDE9000153432046029300F09E
:10370000CFFC294620460EF009F9EFF3118610236D
:1037100083F31288BFF36F8F94E80F00084D85E89C
:103720000F0086F31188BFF36F8F002004B070BDC7
:103730006FF01500FAE700BFFFC99A3B6079FEFF02
:10374000200D0020014B1860704700BF700700205B
:1037500030B587B00025CDE903010446009503A9E3
:103760000548059500F06EF8DDE904309842B8BFD1
:10377000255407B030BD00BF81190108F0B5094ECE
:10378000016802460A2700200B4601311C78355D8E
:103790006D0701D41360F0BD07FB0043A3F13000B7
:1037A000F2E700BFF55E01082DE9F84F15469A468D
:1037B000D378234A12F803B06F2B81460F460BF0E3
:1037C000030B2BD026D8582B0CBF10260A26DDF869
:1037D00028803246002348463946FDF743FF092A30
:1037E00008F1FF38D4B21ED83034B145E4B277F1D5
:1037F000000788F8004001D3D04511D82B789B06EC
:1038000005D5082E15D1AB7843F00803AB704046C0
:10381000BDE8F88F03F0F703702BD5E70826D6E74D
:1038200081460F46D5E7BBF1010F0CBF3734573443
:10383000DBE7102EEBD1AB7843F01003E6E700BFD7
:10384000F55E01082DE9F04F97B08A4603901646C1
:103850001C460025307808B9284656E325280AD0AA
:10386000039B514698470028C0F24F83731C0135D3
:103870000493049EEEE71822002110A808F03EFFF2
:103880007378252B00F0A3800023711C98469E4678
:103890009C4618460F4611F8012B2B2A00F0C680D3
:1038A00000F2BD80202A00F0C480232A00F0C480EA
:1038B0002BB19DF8483043F040038DF84830B8F103
:1038C000000F05D09DF8483043F020038DF84830B4
:1038D000BEF1000F05D09DF8483043F010038DF87D
:1038E0004830BCF1000F05D09DF8483043F0080384
:1038F0008DF8483028B19DF8483043F004038DF826
:1039000048309DF8483003F04401442903D16FF357
:1039100086138DF848309DF84830099743F08003AE
:103920002A2A8DF8483040F08C809DF8493043F0C9
:1039300001038DF849307B1C1A782E2A9DF8492006
:103940000CBF0121002161F341028DF849200CD107
:103950005A1C09925A782A2A40F083809DF84920FF
:1039600042F004028DF8492002331A786C2A00F0E4
:10397000A48000F28680682A00F08C806A2A00F019
:10398000A5804C2A00F0AA801A4612F8013B049246
:10399000782B9DF849208DF84B3000F217816D2B64
:1039A00000F2A980692B00F21181572B00F2BE8032
:1039B000412B03D0453B022B00F208819DF84A3091
:1039C000042262F302038DF84A300123CAE08DF825
:1039D0004B30B31C04939DF84930D90740F1FD806A
:1039E00054F8048BB8F1000F07DA9DF8482042F034
:1039F00004028DF84820C8F100085A0740F1F6800B
:103A000054F804BBBBF1000F80F2F5809DF84930FB
:103A10006FF341038DF849304FF0FF3BEBE02D2A67
:103A20000DD0302A7FF444AF012333E74FF0010C6F
:103A300030E74FF0010E2DE74FF001082AE7012093
:103A400028E709A8FFF79AFE099BBB423FF474AF31
:103A50009DF848201390C00F60F341028DF8482074
:103A60006AE709A8FFF78AFE9DF848301490C3F36F
:103A7000400242EAD07262F341038DF84830099B5C
:103A800073E7742A26D07A2A7FF47EAF9DF8492006
:103A900006210CE05A78682A9DF8492006D10121B8
:103AA00061F3C6028DF8492002336DE7022161F30C
:103AB000C6028DF84920013366E75A786C2A9DF8D2
:103AC000492001D10421EBE70321F0E79DF84920CB
:103AD0000521ECE79DF849200721E8E7BDF84820DB
:103AE00022F4F04222F0020242F4804242F002024A
:103AF000ADF84820DFE76E3BD9B201238B4040F29E
:103B000082410B4238D113F0240F52D1DF075DD52B
:103B10009DF84A30032161F302038DF84A3002F028
:103B20007803A3F14000434243411BE0A3F1580155
:103B3000C9B2012000FA01F111F4624F7FF43EAFE7
:103B400040F6010739421DD111F4043F3ED09DF8E3
:103B50004A3060F3020302F07802402A8DF84A30BE
:103B600034D000239DF84820C2F340010B4363F397
:103B700041028DF848202EE79DF84A30022161F37A
:103B80000203E8E79DF84A10022002F0780260F391
:103B90000201402A8DF84A1002BF9DF8481041F0FA
:103BA00001018DF84810632BDBD1131E18BF0123D0
:103BB000D8E79DF84A30032161F3020312F0780F31
:103BC0008DF84A3014BF01230023CBE79DF848301D
:103BD00043F001038DF84830C3E79DF94820002ADF
:103BE000B4BFDDF84C804FF0FF3806E79F077FF544
:103BF00013AFDDF850B09DF849100023CDE9133321
:103C00009DF84A3003F00703012BC1F3C30132D101
:103C1000CB1E042B04D8DFE803F02045452020000C
:103C2000236801294FEAE372CDE910321BD19DF9D7
:103C30004030DA17CDE9103204349DF8483013F0E3
:103C400003074FD0049B0398324651460DF0CEFE39
:103C50000028C0F25A8105440BE654F8043BDA17F9
:103C6000CDE91032E9E70229E6D11AB243F3C033B5
:103C7000CDE91023E0E7022B24D1CB1E042B04D87E
:103C8000DFE803F0181010181800012954F8043B5D
:103C90004FF0000214D00229CDE91032CDD19BB2F1
:103CA0001093CAE7073424F00704F4E80223CDE9AF
:103CB0001023C2E754F8043B109300231193BCE790
:103CC000DBB2CDE7042B08D1073424F00704D4E994
:103CD00000230834CDE91023AFE7032BADD154F80E
:103CE000043BDDE79DF84B0078283FF6C2AD622823
:103CF0001ED8252850D058287FF4BBAD0DF13E03C7
:103D00000093DDE910010AAB12AAFFF74DFDBBF1EC
:103D1000000F814680F2C280B9F1000F3FF4A9ADD7
:103D20000DF13E06A6EB0903002F7BD0013379E0AD
:103D3000633815283FF69DAD01A252F820F000BF70
:103D4000133E0008713E00087338000873380008FD
:103D50007338000873380008713E00087338000893
:103D6000733800087338000873380008BF3E000835
:103D7000973E0008D13D00087338000873380008EA
:103D8000A93D000873380008973E00087338000802
:103D900073380008973E0008039B51469847002857
:103DA000C0F2B380013564E5BBF1000FDDF840904F
:103DB0000ADB5946484608F091FEB9F1000F3FF47E
:103DC00058AD09EB000620E04846FCF719FAF8E781
:103DD0001098002800F087800DF13E060AAB00968F
:103DE00012AA0021FFF7E0FCBDF84A3003F0EF0310
:103DF00043F4F04343F01003BBF1000F8146ADF8EC
:103E00004A304ADA00283FF434ADA6EB0903002714
:103E100008E0109B8DF8283000270DF129060DF1E0
:103E2000280901239DF84A1011F01002069260D073
:103E30000233139A059213444A0644BF14995B183F
:103E4000B8F1000F6EDDA8EB03089DF84830580765
:103E5000C3F3800B66D459065AD53FB1039B514634
:103E600038469847002850DB01355F46302350E044
:103E70001E075CBFC3F300135F01DDE9102348BFD9
:103E80002B27002BBFF63AAF524263EB4303CDE939
:103E900010232D2732E7002730E700279DF8481030
:103EA0000DF13E03A3EB09036FF386119B458DF8DB
:103EB00048107FF631AFABEB030313932CE7109B55
:103EC00007293FF6D6ACDFE801F00C04060C080821
:103ED0000C0C1D70CDE41D80CBE4EA17C3E9005241
:103EE000C7E41D60C5E4314E0746A6F10509052368
:103EF00098E7080748BF01339BE7184607935146E8
:103F0000039B98470028079B04DA17B0BDE8F08FA1
:103F10002023C346594600290BF1FF3BEDDC454405
:103F20006D1AD84637B1039B51463846984700284A
:103F3000EBDB01359DF84A30DA0601D41B0706D5C4
:103F4000039B5146302098470028DEDB0135069B55
:103F50003BB19DF84B00039B514698470028D4DBAA
:103F60000135059F2F4406E0039B514630209847BA
:103F70000028CADB01357B1B002BF5DC0398334698
:103F80004A4651460DF032FD0028BEDB0544A844E8
:103F9000A8EB0503002B7FF76CAC039B5146202058
:103FA00098470028B1DB0135F2E700BF1A67010826
:103FB0002DE9F84344690569C76840F26C73E1175D
:103FC0000135E41841F10001022D8CBF00230123CB
:103FD000E41A61F100010029064607F1FF3751DAC2
:103FE0006FF4C77020184FF4C8724FF0000361F1EE
:103FF0000001FDF7E7FA264B03FB0044D6E90083F6
:10400000B6684FEAE37C4FF03C0E99466346C6FB28
:104010000E93A9FB0EC60EFB0366A30840F26D1EAD
:10402000022D0EFB043302463B448CBF6FF00200AE
:10403000092064270544B4FBF7F499201B1B154C99
:1040400045431CEB080C4FF0050005F10205B5FBDC
:10405000F0F5A2FB04202B4404FB010146EBE876BB
:1040600098180D4A41F1000380180C4A63F10003CF
:10407000A0FB020102FB031110EB0C0041EB060157
:10408000BDE8F8834FF4C87200232046B1E700BFB3
:1040900070FEFFFFB13A02009405F5FF8051010068
:1040A00070B5204B82689A4216DDD0E900160129CE
:1040B00076F1000503F1010392FBF3F34FEAE37499
:1040C0001DDAC91844EB0604C0E90014164901FBC7
:1040D00003238360012070BD002AFBDAD0E9004190
:1040E0000029124EA3EB0203B3FBF6F310DA01F141
:1040F00000459C4275F100050ADA0020EBE7CD434C
:104100009D426FF00045A5EB0605A541D9DAF4E71D
:10411000E41A61F1000106FB0322C0E9004182605C
:10412000D8E700BFFFC99A3B003665C400CA9A3B76
:1041300008B500F0B9F80A4941610A490122C0E90D
:1041400000220A6008490A60084A00231360084AEE
:1041500003611360C0E90233064A136008BD00BF63
:10416000E46B0108900700208C070020B81D002098
:10417000B41D0020B01D00202DE9F04107460E4679
:10418000154600F091F8C36804461BB943691A78D4
:10419000002A41D10023E3606368BB4256F8232024
:1041A00008DB324B6361204600F062F84FF0FF30CD
:1041B000BDE8F081511C616192F80080B8F12D0FCB
:1041C000EFD1911C61615178A1602D2904D19278C1
:1041D0006AB901336360E4E749B9244B636141463E
:1041E000284608F03FFB0028DDD0C4F80880D4F84A
:1041F00008802846414608F035FBB8F13A0F63695C
:1042000000D070B91B7813B963680133636020462E
:1042100000F02EF83F20CBE75A1C42611B788360E8
:10422000E5E742783A2A0BD0002222611B7813B9C5
:10423000636801336360204600F01AF8A068B7E7AE
:1042400018786268094928B901329742626004DD32
:1042500056F82230C4E90431EAE761612D783A2D3D
:104260002046D5D100F004F82846A1E7E46B010808
:10427000084A01681160084A41681160074A81686C
:104280001160074AC168074B116002691A6004F0A7
:10429000DBB900BF900700208C070020B81D00206C
:1042A000B41D0020B01D0020004870477407002096
:1042B000034A536823F0020353600020704700BF95
:1042C000002004E0134B1A6842F400721A601A6866
:1042D00042F480621A601A6842F480721A600E4BCF
:1042E0000E4A1A600E4A536843F0010353600D4BA7
:1042F0009A6D42F080529A659B6D0B4A82B003F032
:1043000080530193019B936843F48043936002B010
:10431000704700BF00200240080800200024F4007D
:10432000002004E000100240007000402DE9F0473A
:10433000DFF85880044607464FF0010914B93846A3
:10434000BDE8F08794FAA4F5B5FA85F509FA05F306
:104350002E0108EB05156FEA030A24EA03042B7B00
:10436000002BEBD058F806301B694BB946440422A9
:1043700073682846196807EA0A070DF09FFEDDE713
:10438000284698470028D9D1F0E700BFD05101084E
:1043900030B51049104889B0002210F080FA0F4D56
:1043A0000F4900220023CDE9062300240E23CDE986
:1043B0000334CDE901440B4B00944FF4407228467E
:1043C00006F04EFD0849284606F076FC204609B066
:1043D00030BD00BFED43000808160020300D00205E
:1043E000802F0020354700083A670108014806F091
:1043F00063BA00BF8C0A00202DE9F04780462048B0
:104400000F460DF02BFE0646002832D00025284628
:10441000BDE8F087237B83B12368DB680BB12046BE
:104420009847636883F8069023681B69CBB9636873
:104430000422196820460DF041FE0136103454451F
:10444000E8D3B8F1000FE2D0002DDFD02846FFF707
:104450006DFF0546002FF7D00021642010F030F9E1
:10446000F2E7204698470028E1D009FA06F31D43F9
:10447000E3E7044CDFF810A005464FF00109DEE742
:10448000CC1D0020D0510108E051010808B50346B9
:1044900008462BB1044A136000F072FD002008BDED
:1044A0006FF01500FBE700BF9407002010B5044C27
:1044B000237813B9034806F0FFF90123237010BDD8
:1044C000672200208C0A002010B504460B480DF02E
:1044D000C5FD5CB1BFF35B8F094B53E8001F013989
:1044E00043E80012002AF8D1BFF35B8F054810F0B3
:1044F000E2F90548BDE8104006F0DEB9C41D002011
:10450000C81D0020081600208C0A00200020064B41
:10451000BFF35B8F014653E8000F43E80012002A07
:10452000F9D1BFF35B8F7047C41D002070B5FFF752
:10453000EDFF084C084E0546B44200D370BD6368D9
:104540005B792BB123685B6813B1294620469847F5
:104550001034F1E7D0510108E051010810B5044CC6
:10456000044920460DF05CFB034B1C6010BD00BFEE
:10457000C40900204C550108BC1D00200E4A0F48FC
:10458000002310B513700E4A13600E4A4FF47A716F
:104590001360FFF77BFFFFF7E1FF00F075F90A4BAF
:1045A0000A4918468B4200D310BD1A1A5C681211D2
:1045B000013222711033F5E76822002077200108CC
:1045C000C41D0020C81D0020D0510108E051010881
:1045D00001460022014800230DF043BBC40900201E
:1045E00001480DF0DCBB00BFC4090020024B0146AE
:1045F00018680DF02FBC00BFBC1D002001480DF055
:1046000064BC00BFC40900202DE9F041324B18788A
:1046100000285FD0FFF7E4FF0446002856D12F4B57
:104620002F4C1B68002B12DD10F0F1F80A2200233A
:10463000FDF718F8D4E90032C01A40F2E93361EB13
:104640000201984271F1000101D3FFF76FFFD4E935
:10465000003213F57A7342F10002C4E90032BDE87A
:10466000F041FFF7CBBF6B685B793BB121784B071B
:1046700017D52B6821461B682846984710354545B5
:10468000F1D32046FFF7B2FFBFF35B8F154B53E822
:10469000001F013943E80012002AF8D1BFF35B8FF5
:1046A000BDE720462688C1F3C20700F0A3FAC6F38F
:1046B00082160246002EDCD00028DADB01233946C0
:1046C000284600F091F9B042D8D3D2E7064DDFF882
:1046D0001C80D4E7BDE8F08167220020C41D0020C3
:1046E00000160020C81D0020D0510108E05101082B
:1046F00070B50D4D297861B90120FFF77DFE0B4C97
:104700000B4EB44206D3FFF77FFF0028FBD10123F5
:104710002B7070BD63685B791BB1236820469B6872
:1047200098471034EDE700BF68220020D0510108FF
:10473000E051010800212DE9F0470846FFF75CFE33
:10474000044648B34FF4FA784FF0000906F0DAFE59
:104750001A4B186030B11A4B1B68092B02DD19483F
:1047600006F0AAF8184FDFF85CA0002544B12046F7
:10477000FFF7DCFD044618B94FF0FF384FF0FF3962
:10478000FFF742FF064628B9B5B942464B465046A8
:1047900006F0C6F83546E9E74FF0FF384FF0FF392D
:1047A000D4E72B689B691BB1002211462846984725
:1047B0001035BD42F5D3E8E7044DFAE7C01D0020EF
:1047C000C81D00208C0A0020E0510108D0510108CA
:1047D00013B518480DF042FC174B1B7873B1EFF37B
:1047E0001184102383F31288BFF36F8FFFF70CFF40
:1047F00084F31188BFF36F8F02B010BD0F4B1B689D
:10480000002BF9D050B900220023CDE900230C4839
:1048100042F21072002307F0CDF9EDE70928EBD141
:10482000074810F048F8074802B0BDE8104006F00D
:1048300043B800BFC81D002068220020C01D002012
:10484000081600208C0A002010B5064B1B68044691
:1048500098472146A06004480DF082FABDE8104058
:10486000FFF7B6BF94070020C4090020044A054B97
:104870009B1AB1EBD30F34BF52F8310000207047C0
:1048800058510108D05101080B480C4B30B51B1A88
:104890000B4CDB0800210430994200D130BD10F8E8
:1048A0003120256802F0070225F007052A4344F865
:1048B000042B0131F0E700BF58510108D051010825
:1048C000000A0020F8B50B4F0B4DED1B0646ED0816
:1048D0000024AC4203D14FF0FF342046F8BD57F816
:1048E000340020B13146FBF7FFFC0028F5D001343D
:1048F000EFE700BF58510108D051010800282DE909
:10490000F047884615461F461DDADFF89890264E78
:104910004FF0000AA6EB090636095446B24509F1E4
:10492000100902D12046BDE8F08759F80C0C3B462F
:1049300000792A464146FFF7E1FF844238BF04462A
:104940000AF1010AEAE7194B194AD21AB5EBD20F5C
:1049500026D203EBC5031C79BC4228BF3C46154E4A
:10496000C0B200EB400056F825300722824023EA0F
:10497000020304F00702824013430021032223FABA
:1049800002F000F00700814202F1030238BF014645
:104990001E2AF4D123F007030B4346F82530C1E764
:1049A0000024DCE7D0510108E0510108585101080A
:1049B000D0510108000A0020F8B5094D094BED1A45
:1049C00006460F46ED080024AC4200D3F8BD002196
:1049D00022B23B46304601340DF068FBA4B2F3E747
:1049E000D05101085851010870B14168097973B17B
:1049F000002A17DBCBB20C4951F8220003EB43032A
:104A0000D84000F0070070474FF0FF31EFE707494B
:104A10000748401AB2EBD00F3ABF01EBC201087948
:104A20001846704704207047000A002058510108BA
:104A3000D05101082DE9F04F8FB004AFC1F34A28DF
:104A4000B8600D4691467B600C0DB8F1000F67D041
:104A5000002607F114034FF0040B4FF00A0AC7F8C1
:104A60000C80C7E907667E620193CDF808B0CDF8E7
:104A700000A007F11C03F96832464846FEF7F2FB36
:104A8000B0F5006F034620D32A48036813F0060FE1
:104A900017D06C468AB0D9F8041004AB264DC3E990
:104AA000055140F2FF71D9611A464FF40071198423
:104AB000224B42F8103F4FF412513346FFF7BAFF32
:104AC000A5462C37BD46BDE8F08FC0F30A0804F1B7
:104AD0001700184420F0070080083B60FFF778FDBE
:104AE00068F35325044690B13B68154AC7E9083678
:104AF00000F1100107F11403F961CDE900A3CDF82D
:104B000008B0F96807F11C034846FEF7ABFB68F3F1
:104B100053257B68B9682A4620460DF003FBD0E791
:104B200004F1170020F007008008FFF751FD04464C
:104B3000EDE700BF0C0A00204F67010804000001E8
:104B4000F72001082DE9F04F87B0DDE91279DDE9A2
:104B5000105A0446039193469846DFB1CDF8009071
:104B60003B46524610210020CDF81490FEF7A8F9DC
:104B7000B0F5006F06460ED31C48036813F0060F0D
:104B800030D01B4A40F2FF73022107B0BDE8F04F5E
:104B90000DF021BB3E4605F11700304420F0070020
:104BA00004F007048008FFF713FD0BF0070BE40087
:104BB00044EA8B1444EA462444EA0554054640B1CD
:104BC0003FB1CDF800903B46524631461030FEF7DB
:104BD00077F9039943462246284607B0BDE8F04FCF
:104BE0000DF0A0BA07B0BDE8F08F00BF0C0A00209E
:104BF0008E670108406820B1034BC01A40F38F0054
:104C000070474FF0FF307047000A00200EB403B524
:104C100003AB014653F8042B044801930DF00CFB41
:104C200002B05DF804EB03B0704700BF47220108F3
:104C3000CA0605D48B064CBF02490349FFF7E6BFFD
:104C4000704700BFE36B0108C66701082DE9F04F0C
:104C500089B09A46149B06939DF84CB0159B05931A
:104C6000169B179E049304460D469046BBF1000F19
:104C700000F09D8006F4807307930DF015FA06F09E
:104C80000209024600283ED092492046FFF7BEFFA7
:104C90000746B9F1000F08D016F0440F35D18E4900
:104CA0002A462046FFF7B2FF074406F0010353B13E
:104CB0008A4B8B4953F82B208A4B2046002A08BF89
:104CC0001A46FFF7A3FF06F48073002B49D006F0C5
:104CD0000803002B63D1B8F1000F66D08249424629
:104CE0002046FFF793FF0546069B3D44002B6DD100
:104CF000049B002B73D1F30700F1E5803146204679
:104D0000FFF796FFD9E00746C3E7784B18680028FD
:104D1000CAD0774B4FF47A791B68B5FBF3F54FF4A3
:104D20006163B5FBF0F100FB115509FB05F54FF090
:104D30003C0CB1FBF3F203FB1211B5FBF0FEB1FB2F
:104D4000FCF300FB1E550CFB131109FB05F500914C
:104D5000B5FBF0F56749CDE901E52046FFF756FFC1
:104D6000A2E706F00803EBB1634B644953F82B202C
:104D70002046FFF74BFF0546B8F1000F05D05A4912
:104D800042462046FFF742FF0544BAF1000FABD080
:104D90005B4952462046FFF739FF0544A4E74FF030
:104DA000000AE1E706F00805E6E745469CE7BAF1A8
:104DB000010F069B06D1002B65D1049B002B7CD0F4
:104DC00000250CE0002BF8D04E485DE04E48069BD5
:104DD0004E4922460CF04CFD049B002B69D0DFF8B5
:104DE0003081DFF83091049F3146102F204628BFD4
:104DF0001027FFF71DFF4FF0000A554546DC059BC5
:104E000049461A782046FFF701FF4FF0010A1AF0D1
:104E1000070F03D141462046FFF7F8FE57453CD91E
:104E2000059B494613F80A202046FFF7EFFE0AF1DA
:104E3000010ABAF1100FEAD1374920464FF0000AB3
:104E4000FFF7E4FE5246059B9A5C344B995C11F0E7
:104E5000970F08BF2E2232492046FFF7D7FE0AF1EE
:104E6000010ABAF1100F1DD01AF0070F03D1414605
:104E70002046FFF7CBFE57455246E4D84146204630
:104E8000FFF7C4FEEBE720485D46A0E74146204619
:104E9000FFF7BCFE0AF1010AAFE722492046FFF7FF
:104EA000B5FEC4E7059B3B440593049BDB1B0493C1
:104EB00099D1BBF1000F7FF41EAF204609B0BDE8C9
:104EC000F04F0DF0ACB9074A05492046FFF79EFEAA
:104ED00014E700BFDC750108CE67010860550108C2
:104EE00094630108C9670108F3670108D41D002015
:104EF000D01D0020D767010874550108F767010825
:104F0000FD6701087D2201084722010839220108B6
:104F10000A680108026801080C680108F55E0108CA
:104F2000C07501080868010873B542F20F738B421F
:104F300028BF0B4605680F4A0446052168460CF059
:104F40003EFD63680C495B6806460B2228460DF05F
:104F500058F963683246694628465B680DF051F996
:104F6000636806495B681B2228460DF04AF902B0C7
:104F700070BD00BF667C01082A6801080E68010840
:104F8000074A00210123904206D8064A01B90123AD
:104F90001360054B1860704740085B000121F2E781
:104FA00040420F00D01D0020D41D0020014B0360A3
:104FB000002070478855010810B5044605F006F931
:104FC0000349024620460DF095FB002010BD00BFAE
:104FD0006D68010837B5134600220192054601AA03
:104FE00058680A210DF074FD019C4CB920EAE0706C
:104FF0000A2180FB01010FF063FB204603B030BDA6
:105000002246034928460DF091FB019CF5E700BFBD
:105010009968010808B5034A03490DF06BFB0020AD
:1050200008BD00BF8969010890690108F7B51746F6
:105030000023054601AA0A21B86801930DF048FD36
:105040001749C6B228460DF063FB019C44B12246C5
:10505000144928460DF06AFB019C204603B0F0BDC0
:10506000042E09D91049324628460DF05FFB284628
:105070000DF091FB0124F0E77868FFF723FC021E96
:1050800007DA7A68094928460DF050FB6FF01504DD
:10509000E3E7334612B2214620460DF007F8DCE77D
:1050A000BB690108216A0108486A01085F6A0108B2
:1050B00007B500230090694604488DF8043006F0D7
:1050C00081FB9DF8040003B05DF804FB0323010895
:1050D00010B5044605F05CF80749024620460DF07D
:1050E00009FB204605490DF005FB0548214606F061
:1050F00083FB002010BD00BFBE6A0108DD6A010805
:1051000005510008F0B599B0D0F8BC7004460D46C2
:105110000FF0D7F9064606F0F5F9324B3249334A1B
:10512000002E08BF1E46844218BF0A462346304957
:10513000009628460DF0DEFAD4E90A23CDE90023D3
:105140002C4994F90E30227B28460DF0D3FA202208
:1051500010A9204605F0C0FD2749D4F8803002464A
:1051600028460DF0C7FA04A920460FF0BFF908BB86
:105170000AA80FF0C5F900BB049EDDF814E0642115
:10518000A6FB010CDDE90A2301FB0EC1FCF76AFA5C
:105190001A490346324628460DF0ACFA0AA92046C1
:1051A0000FF09DF9024668B1154928460DF0A2FAA4
:1051B00019B0F0BD0AA80FF0A3F9124928460DF066
:1051C00099FAEBE70A9B6422F91A4A430091B2FB71
:1051D000F7F20D49CDE9017228463A460DF08AFAF8
:1051E000E6E700BFE76A01080A680108A57F010831
:1051F000EA6A0108F66A0108226B0108396B0108A6
:10520000816B01085E6B0108AE6B0108F0B50025EB
:1052100091B00446294608AF1C2209A807F06EFA8F
:10522000134E1A222021384607F068FA2146114809
:1052300006F0E2FA07AA4FF4006130460FF043F996
:10524000079A0097C2F5006164234B43DB0A05937C
:105250004FF40063CDE90313CDE90132204606493E
:105260002B46A6F140020DF045FA284611B0F0BDDC
:10527000403B00207D520008FF6B010870B50446DA
:10528000D0F8BC6088B00D4607A90FF028F9024697
:1052900028B10F4928460DF02DFA08B070BD204600
:1052A0000FF00FF9079B0096F11ACDE90131094B78
:1052B00064224A43002818BF0346B2FBF6F20649AF
:1052C000CDE90362284622460DF014FAE5E700BF57
:1052D000816B0108E76A0108486C010838B513467C
:1052E000054610225868002107F052FF0446FFF7D8
:1052F000DFFE38B90D49224628460DF017FA6FF047
:10530000150038BD06F0FEF8844204D1084928464D
:105310000DF00CFAF3E7204605F0B0FE28460549EB
:1053200022460DF0E7F90020EBE700BFAC6C010866
:10533000C76C0108EF6C010838B51346054610220A
:105340005868002107F024FF0446FFF7B1FE38B982
:105350000D49224628460DF0E9F96FF0150038BDD9
:1053600006F0D0F8844204D1084928460DF0DEF951
:10537000F3E7204605F0A0FF2846054922460DF038
:10538000B9F90020EBE700BFAC6C01082E6D0108F5
:10539000546D010838B5134605461022586800219F
:1053A00007F0F6FE0446FFF783FE38B90D492246A2
:1053B00028460DF0BBF96FF0150038BD06F0A2F8D5
:1053C000844204D1084928460DF0B0F9F3E720469D
:1053D00002F016FE2846054922460DF08BF9002002
:1053E000EBE700BFAC6C01088F6D0108B46D0108DC
:1053F00010B50C4600210DF020FB00B10068034AF7
:1054000020600023C4E90123E36010BDCE6E0108D3
:1054100010B50C4600210DF014FB00B10068034AE2
:1054200020600023C4E90123E36010BDCE6E0108B3
:1054300070B50646506815460DF007FB044640B9A6
:105440006A68104930460DF071F96FF01204204679
:1054500070BD0EF052FF30B16A680B4930460DF056
:105460003BF90024F3E720460EF03EFF044630B13E
:1054700003466A68054930460DF058F9E7E76A685F
:105480000349EBE7EC6D0108016E0108236E01088A
:10549000506E01082DE9F04F8FB0044601A80F4669
:1054A000904604F04BFF019B2C4A03EB401B082164
:1054B00020460DF004F9019D5D4503D300200FB097
:1054C000BDE8F08F2E680EB1337833B9244A2B46ED
:1054D000302102A807F082F902AE022F07D1D8F8D6
:1054E0000410304607F05CFC08B92035E4E71D4A9B
:1054F0003346082120460DF0E2F828460EF0FDFE66
:10550000194A1A4B0821002808BF1346184A20469A
:105510000DF0D5F8EB69002BE7D01E68002EE4D023
:105520003368002BE1D0134A082120460DF0C7F85C
:10553000B2464FF0000933680F4A4B4505D80F4A71
:10554000082120460DF0BBF8CFE75AF8043F0821A8
:1055500020460DF0B4F809F10109ECE77D6E010871
:10556000876E01088C6E0108746E0108926501084F
:10557000FA6D0108916E010893630108E36B01085D
:105580001FB50C68D1E9043203944C6802948C680E
:105590000194C96800910133034902F26C720DF065
:1055A000A9F804B010BD00BF186F0108F7B5137853
:1055B0003A2B06460F46154614D1541C23783A2B35
:1055C00028D101340A2201A9204607F03BFD019AA7
:1055D0003860A242034617D01078A8B93C2B15D9E1
:1055E00015490EE00A2201A9284607F02BFD019C6F
:1055F000B860AC4208D023783A2B05D1172807D9D8
:105600000E4930460DF092F86FF0150003B0F0BD72
:105610000134D3E70A2201A9204607F013FD019BBC
:105620007860A342F0D01A783A2AEDD13B2801D90C
:105630000349E6E75C1CC5E7576F0108396F0108AD
:10564000476F01082DE9F04190B00D46044602A9CC
:1056500001201746FEF704F807A902A806F0F0FBA0
:10566000032D55D17D680A2201A9284607F0EAFCDE
:10567000019EB542804615D032782D2A12D10136CE
:105680000A2201A9304607F0DDFC019B9E4209D0A9
:105690001A782D2A06D1451E0B2D0CD928492046F3
:1056A0000DF044F820460DF076F86FF01505284609
:1056B00010B0BDE8F0815E1C0A2201A9304607F057
:1056C000C1FC019B9E42EDD01B78002BEAD1431E0A
:1056D0001E2B01D91B49E2E7A8F26C73CDE90B53ED
:1056E000BA680A9007A92046FFF760FF0028D9D1C1
:1056F00007A80CF003FCB1F1FF3F08BFB0F1FF3F7A
:10570000CDE9020108D1104920460DF00FF8CCE791
:10571000022DC7D17A68E5E700230493012002A98E
:10572000FDF7D4FF054628B10246084920460CF093
:10573000FDFFBAE707A92046FFF722FFB7E700BF42
:10574000676F0108766F0108836F0108AC6F01086D
:105750002DE9F3411446884607461022606800216F
:1057600007F016FDB8F1020F064607D8284A202395
:10577000082138460CF0A3FF336816E00A22002106
:10578000A06807F005FDC5B2214A2B46082138461E
:105790000CF095FFB8F1030F1ED1102D0FD0202D66
:1057A000EAD0082D0ED13378DBB20022CDE90032E9
:1057B0000821184A38460CF082FF002009E033889F
:1057C0009BB2F2E73846144A08210CF078FF6FF0DC
:1057D000150002B0BDE8F081E0681022002107F05A
:1057E000ADFD0E4ACDE900010446082138460CF013
:1057F00066FF102D06D0202D07D0082DE2D1E4B28F
:105800003470DAE7A4B23480D7E73460D5E700BF5C
:10581000F16F01081C700108067001082F70010863
:105820002DE9F04F87B000230193524BDFF848A1D8
:1058300091460122074688461A60FEF779FC4FF030
:10584000FF3520262C46494652464046FEF794FC3A
:10585000411C06D16A1C41D1484938460CF066FF0C
:1058600017E073281AD0772828D0612811D1DFF8E3
:1058700010B101AADBF8000010210DF029F9019BFD
:105880000546002BDFD0DBF800203E4938460CF0FF
:105890004DFF6FF0150007B0BDE8F08FDFF8E0B006
:1058A00001AADBF8000000210DF012F9019B04466B
:1058B000002BC8D0DBF800203349E7E7DFF8C0B0A1
:1058C00001AADBF8000000210DF002F9019B064659
:1058D000002BB8D0DBF800202C49D7E7631C01D19E
:1058E0002B49BAE75FFA86F8C6F3C406002C3FD00E
:1058F00002AB29461A46A6EB050C0CE0B8F1100FD6
:105900001DD0B8F1200F20D0B8F1080F2AD10878A7
:10591000187031443344A64203D80CEB0100102820
:10592000ECD9102CA14628BF4FF0100929464B4650
:10593000384601F013F81035A4EB0904D6E70888BF
:1059400080B21870000A5870E3E7086818704FEAD0
:10595000102E83F801E04FEA104E000E83F802E0AB
:10596000D870D6E70B4A082138460CF0A8FE90E71D
:10597000204690E78C0700207F70010886700108A0
:10598000B01D002045700108587001086B700108B7
:10599000A37001080670010870B50F4E04463378F5
:1059A0000D4671B123B1BDE870400C490CF0BEBE8C
:1059B000012333700A4920460CF09CFE012333700A
:1059C00004E083F001033370002BF3D12946204615
:1059D000BDE870400CF0F9BE69220020BD700108DE
:1059E000F87001082DE9F041DFF8F0803C4E0546E3
:1059F0000C468F18A74201D1BDE8F08198F800202D
:105A000014F8013B182A22D1112B20D1354C3649EC
:105A100022680026284688F800600CF06BFE2846B5
:105A20003146FFF7B9FF314B18780028E4D1304AEE
:105A300023681168042B2EDC08B12360116013F079
:105A400003012FD1126813681BBA1360D4E7A3F1C6
:105A50003002092A88F8003004D923F02002413AA4
:105A6000052A04D83168234A535401313160336820
:105A7000022BBFD110221F48002107F089FB1E4ACC
:105A8000136803F8010B1360164A1368013313609F
:105A900000233360AEE7086800BA41F8040B043B0A
:105AA0000120C7E75B4203F0030358BF59420229B4
:105AB00004D1126813885BBA9BB2C6E703299BD155
:105AC000106802681104C2F3074301F47F010B431D
:105AD00002F47F42134303608EE700BF6A22002076
:105AE000D81D0020DC1D0020227101086B2200203F
:105AF000E01D00206C220020E41D00202DE9F84F5D
:105B00000C462B49DFF8AC80DFF8AC90DFF8ACB086
:105B100000230B602A4988F8003006460B601546C2
:105B2000012C2F4655F804AF1ED902224946504693
:105B300006F05EFF80B99AF80220003A18BF0122F1
:105B4000924420490222504606F052FF30B9012308
:105B500088F80030013CE3E70022F1E7494650466F
:105B6000FAF7C2FBA8B9043700221146786807F09B
:105B70000FFB154B002211461860786807F008FBF0
:105B8000124B134918603046FFF706FF0020BDE8AE
:105B9000F88F9AF800202D2AE6D19AF80120002AE1
:105BA000E2D05246594630460CF0A4FDD2E700BF81
:105BB000D81D00206B2200203C71010842710108B1
:105BC000DC1D00203F710108E41D0020E01D0020C5
:105BD000E559000807B50A480EF08FFB60B1094A85
:105BE00007491268084804230093012300F01EFFB0
:105BF000002003B05DF804FB6FF01200F9E700BF6E
:105C0000444C0108A4560108E051010810B544684D
:105C1000C4E90012A36042681346402153F8404B88
:105C200053625163002302F13801C2E90413C2E94F
:105C30000A33C2E90633082113631162C2F8B8308F
:105C4000A36823B19B6C13B1044920469847A3680D
:105C50009B6A0BB120469847002010BD615C00088C
:105C60002DE9F34705460C4683685B6C03B1984702
:105C7000AB685B6B73BB4FF0000904F1240704F1C0
:105C80002808218E238D626B5B1A9BB2D31A934234
:105C900028BF1346414601AA38460CF03BF982461C
:105CA000002844D0AB6801999B69002B33D0024691
:105CB00028469847064688B33246414638460CF097
:105CC0005FF956454FF00109DBD0D4E901310020DE
:105CD000984703E0284698470028CCD1AB685B6A18
:105CE000002B37D1628BE38A9B1A226A9BB29342C4
:105CF00004F1100704F11A0828BF1346414601AA0F
:105D000038460CF007F9064658BB28460CF021FB34
:105D1000C4F8B86031E06FF05706CDE7024641465F
:105D200038460CF02DF9B9F1000FD7D0CDE7174860
:105D3000036813F0060F03D0154A02210CF042FA53
:105D4000AB689B69002BEED001220DF103012846C0
:105D50009847E8E7284698470028C3D102B0BDE835
:105D6000F087AB6801995B6963B1024628469847A2
:105D70000246414638460CF003F9D4E901310120CE
:105D80009847EBE76FF05702F3E700BF280A0020BF
:105D9000A972010810B581680446183101F06EFB44
:105DA000A168034A20461831BDE8104001F0EEBA60
:105DB000EB72010801490CF052BB00BFE36B010814
:105DC0002DE9F04FA7B004465422002111A806F097
:105DD00095FC0023CDE90533A36820465633029392
:105DE0000CF03CFF20460CF0BEFE10B96069FFF7D6
:105DF000E1FFA06814220021183006F07FFC204645
:105E000000F0DCFFA168E068B1F8502056310026B0
:105E10000DF09EFA20460DF0FFFA4FF0FF38B24623
:105E2000039611AFB3463546B146DDE90532012A86
:105E30006CD0132B6DD8B8F1000F2BD1BBF1000F34
:105E40000AD020460DF009FBA2681423563211A98E
:105E50000DEB030000F066FEB9F1000F0CD099F8CD
:105E60001130FE2B08D1059B26AA02EB830252F8C3
:105E7000542C0AB101330593A068059D436A002B99
:105E800040F0B580C6B1C3699E422BD00D9600F19B
:105E9000180522E0029A0223394606A800F042FEC5
:105EA00006997A680292034631B101290AD148B1B4
:105EB000694A20460CF081FF6FF00705284627B09D
:105EC000BDE8F08F059B002B32D0386801F008FB4D
:105ED00098B166B1A5680D9618350CAE0FCE0FC5FA
:105EE00033682B602046FFF755FF0125E6E75B4A44
:105EF000012120460CF061FFDEE7059BC3B13A6843
:105F00002946204601F08EFC022809D1059B132B5F
:105F100094D9069B022B91D1514B524A0121C8E7DB
:105F2000032805D0059B013305934FF0010B7CE757
:105F3000039B2BB9396807AA48460CF025FD054696
:105F4000043708F1FF38A5B3EB68BBF1000F08D0A8
:105F5000FBB120460CF082FE20460CF01BFE424AAC
:105F6000C6E7B3B1A368DDF814A0AE4603F1180C80
:105F7000BEE80F00ACE80F00DEF80030CCF80030CF
:105F8000AB6833B96B7CFE2B04BF95F8108008F129
:105F9000FF38D5F804C0BCF1000F08D0AE46BEE80B
:105FA0000F000CAE0FC6DEF8003033606646A9461F
:105FB00003E0059B63B101230393069BB8F1000F37
:105FC00002D1022B7FF431AF059B013305932CE7FF
:105FD000A368DB6A13B1DB68002BECD1234B009381
:105FE000234A119B012120460CF0E7FEE3E790F8DD
:105FF0002830A5EB0A05BBB190F829104FF6FF72C7
:10600000FF2918BF0A469D4202D313449D420BD973
:106010008369184A012120460CF0CFFE2046FFF785
:10602000B9FE6FF0150549E701210CF081FAA0686F
:106030000CF072FAA36811AA29465B6A02EB8A0285
:10604000204698470546A0680CF06AFAA06800212F
:106050000CF06EFA32E700BFF97201080D73010807
:106060006E7301087A6A01082B7301085A730108DC
:106070005076010892730108F7B504468068D0F89D
:1060800078325A070D4605D500210CF05CFAE0681D
:106090000DF030F9E368DB6873B9002D3BD0A668DA
:1060A00006F1560738460CF0E7F9002835D0394696
:1060B00006F5AB7006F03EFCA268E0680DF1060341
:1060C000563229460DF019F958B9A06800F5AB71A0
:1060D000563006F02FFCA06856300CF0CDF9ADF824
:1060E000060020460CF0B3FDA368D3F874329B067B
:1060F00003D50B4960690CF0B2F9204600F018FF97
:10610000A268BDF80630A2F85230A2682046A2F874
:1061100050300CF03FFD03B0F0BD86F85601CBE7E0
:106120009853010810B5836802221A7583689B6C26
:106130000446BBB90CF06AF98368D3F87832DB0403
:106140000BD50321084B094A0CF037FEA0686FF409
:10615000805100F51E700CF073F92046BDE8104028
:1061600001F06CB810BD00BFAD7301089463010865
:106170002DE9F04F04468068B1B0012100F51E7092
:106180000CF04FF9A3681B7D022B26D10023099345
:10619000A36860689E6C03681D6909AB3EB310225A
:1061A0001BA9A847099BC3B10121A0680CF0C0F945
:1061B000A0680CF0B1F9099A1BA92046B047A06865
:1061C0000CF0AEF9A06800210CF0B2F9A3689B6C4A
:1061D000002BDDD12046FFF7A5FFA0686FF001017D
:1061E00000F51E7031B0BDE8F04F0CF029B9012266
:1061F0000DF12301A847099B002BEED09DF9231038
:106200009DF82330A2680029C2DB517D032900F2EA
:106210002283DFE811F00400A202BA0220030D2B52
:1062200057D00A2B33D0B2F87812092B6FF3CA017A
:10623000A2F8781265D014D8002B5ED0082B00F09D
:10624000DE81591C8C48A268C9B2415C11F0970FDD
:1062500000F0E281012110460CF075F99DF8231041
:1062600001E11B2BA06846D07F2BEAD1D0F8743215
:106270009D0742D501210CF066F9A368D3F874326A
:10628000180700F1C58120460CF0E0FD35E0D2F89A
:106290007812C1F3C70129B1D2F87812C1F3C7014E
:1062A0000A29CED1B2F8781263F3CA01A2F87812A3
:1062B000A568B5F85010C1B928460CF044F9E0685B
:1062C0000DF018F86069FFF775FD2046FFF72AFF0B
:1062D0005EE7D2F87812C1F3C7010029E2D0D2F804
:1062E0007812C1F3C7010D29DBE72046FFF768FDEF
:1062F000C5F89C02E9E70123437560690CF06BFA6D
:1063000046E7A068D0F874329A07F6D501210CF060
:106310001AF9A068B0F85030FF2BEED0B0F8522038
:1063200000F1560100F5AB70FAF79AF9A368B3F8DB
:1063300052201344002583F85651A2681BA9142348
:1063400002F5AB720BA800F0EDFB0B991429D4D821
:1063500030AB03EB810343F8545CA368B3F85220DD
:10636000002A50D1002957D100250A950A9B30AA4E
:1063700002EB8303002653F854AC50460CF07CF833
:10638000B3468146B046374616AA3946284600F03D
:10639000A5FC034600284ED1012E71D10A9B30AADC
:1063A00002EB830353F8540C0CF066F8A26806461F
:1063B00018324146284600F091FC056828460CF04A
:1063C0005BF8864205D0821B92B2A91920460CF0D8
:1063D0003BFDA068294AB0F85230034493F8563088
:1063E000D15C11F0080142D1D0F87432DF0739D501
:1063F0000CF0B3F82021204600F0E8FEA06801214F
:106400000CF0ABF879E70029AED013441B4A93F89F
:106410005530D35C1B0702D40129A5D001390020D7
:106420000CAB009301900AAB1BAA0CF0D8FA0546FE
:1064300000289BD161E71B6803934A4651461846E2
:1064400006F0D6FA60B9039B1846F9F7D9FE58450D
:1064500038BF58461FFA80FB002E08BFB8460136E9
:10646000013791E72021204600F0B0FE45E70121E9
:1064700020460CF0C3FB40E7F45E0108F55E01081E
:1064800004907FF63AAF0A9A30AB03EB8202C14622
:1064900052F8543C039318460BF0EEFFA268049B9D
:1064A0000590A2F840300496A26849461832284662
:1064B00000F014FC039BD0F800A009F101094BB1D6
:1064C000BAF1000F06D0059A1946504606F090FA28
:1064D0000028E9D1A168BAF1000F4ED1A1F840A07F
:1064E000049B013B0493DFD16069FFF763FC204606
:1064F00000F0A4FE0A9B30AA02EB830308F1010A14
:1065000053F8540C0BF0B8FF414611AA81462846B7
:1065100000F0E4FB0746A0683968FF2200F5AB7085
:1065200006F0A8FA3B6803934FF6FF77B84616AA21
:10653000514628460AF1010B00F0D0FB002852D04A
:10654000A168036801F25511002211F801EF985C6F
:10655000704503D110B101324245F6D1B9F1000FB7
:1065600001D04A4507DBBA4206F1FF36A8BF3A46DA
:10657000012E97B237D0DA46D9E7B84806910BF02A
:106580007BFF069907914A8F00EB0B07BFB2121AE7
:10659000504692FBF7F292B206920BF06DFF07990C
:1065A000069A3F1AB1F8400000F1010CA1F840C072
:1065B000B0FBF2F102FB110080B2BFB260B9A74B91
:1065C000A74ACDF800A0062120460CF0F6FB39467C
:1065D000204600F059FC83E7A24A53460621204694
:1065E0000CF0EBFBF3E7002F3FF487AE0399A7EB2A
:1065F000090292B2494420460CF026FC7DE6A068D0
:10660000D0F874329E077FF578AE01210BF09BFF26
:1066100020460CF03AFC70E6D2F8741289077FF538
:106620006CAE013B162B3FF668AE01A151F823F08A
:10663000296800088D6600089566000887620008D2
:106640001D680008B9660008FB620008FB620008CC
:10665000FB620008FB620008C1660008C96600080A
:10666000FB620008F3660008FB620008FD66000894
:10667000FB620008FB620008FB620008016700087B
:1066800021670008FB6200084B67000820460CF0F9
:10669000EEFA32E620460CF0E1FA20460CF063FAFE
:1066A00010B96069FFF786FBA06801210BF04BFF72
:1066B0002046FFF737FD20E620460CF0E1FA1CE605
:1066C00020460CF0E8FA18E6D2F874329F0603D59B
:1066D000654960690BF0C3FEA368D3F874329E0667
:1066E00003D5624960690BF0BAFE204600F0A6FDB2
:1066F00003E600212046FFF7BFFCFEE50121F9E794
:10670000E06983681B79012B02D10CF0CFFCF4E522
:10671000022B7FF4F2ADD26C21460CF0B0FCECE51C
:1067200020460CF094FA20460BF070FE0121A06880
:106730000BF009FFA368D3F874329D067FF5DDAD39
:106740004B4960690BF08BFED7E5204600F06AFCF0
:10675000A06801210BF0F7FECFE55B2B02D10223ED
:106760005375CAE5D2F87422900706D5622B08D17A
:106770004FF0FF31204600F09DFBA36800225A75C0
:10678000BBE5662BF9D10121F4E700215175A26820
:10679000D2F8741289077FF5FBAC313B1B2B3FF617
:1067A000ACAD01A151F823F025680008316800085C
:1067B0004568000819680008FB620008FB620008D1
:1067C000FB620008FB620008FB620008FB62000835
:1067D000FB620008FB620008FB620008FB62000825
:1067E000FB620008FB620008FD660008F366000813
:1067F000B96600088D660008FB6200081D68000885
:10680000FB62000829680008FB620008FB620008C0
:10681000FB620008356800080323537520460CF01E
:106820001DFA6AE50323537520460CF010FA64E55F
:1068300003235375A068D0F8741201F0010181F0B0
:106840000101DDE503235375A368D3F874329B0778
:106850007FF553AD17E5002382E700BF0968010803
:10686000F1730108946301089D530108A2530108C4
:10687000985301082DE9F34104468068154600F558
:106880001E7000293AD04FF480410BF0CAFDA36876
:10689000DD646068036800219B68984798BB2046C8
:1068A0000BF099FE78BB194DDFF864804FF0FF368E
:1068B0004FF0FF37A06800F51F7000220721CDE9D7
:1068C00000670EF081F8A0680BF02AFE2A4604212A
:1068D00020460BF064FE4246012120460BF05FFE8D
:1068E00020460C4A02210BF05AFE606803685B697F
:1068F00003B19847A0680BF00FFEDBE76FF480410F
:106900000BF09EFDC3E702B0BDE8F081CD24010885
:10691000716100088524010810B50B4904460BF08D
:10692000E9FE204609490BF0E5FE204608490BF038
:10693000E1FE204607490BF0DDFE2046064A002115
:1069400000F024FD002010BDF77301083574010824
:1069500094740108E874010883750108F8B51746B6
:106960001E460A46294904460BF0C4FE3EB33A7857
:10697000274920460BF0BEFE01256A0703D12549B1
:1069800020460BF0B7FEAE421ED97A5D2049204664
:106990000BF0B0FE0135102DEFD11F4920460BF052
:1069A000A9FEB6B91B4920460BF0A4FE0125AE4254
:1069B0002B4610D8174920460BF09CFE16E01749CD
:1069C00020460BF097FE0125144920460BF092FE5D
:1069D000E0E700252B46FA5C114B12499B5C13F053
:1069E000970F08BF2E2220460BF084FE0135102D94
:1069F00006D06B07DBD1074920460BF07BFED6E7BC
:106A000020460949BDE8F8400BF074BE99750108AD
:106A1000026801080A6801080C6801080868010892
:106A2000F55E0108C0750108A07501082DE9F04167
:106A300004468068D0F8986288B0884615461F469C
:106A4000002E4FD14FF42872314605F057FEA06852
:106A500000F51F700DF0ACFFA06800F52270012258
:106A600011460DF0DDFCA3691E60A068022100F54F
:106A70001E700BF0D6FCA36850225A87A368182218
:106A80001A87216820460BF05FFEA368174A66F359
:106A90008205C3F874526068036841461D68234646
:106AA000A8470546D0B9A36801221A75D4E90A019E
:106AB00000220023CDE906230E2303930E9B0495A9
:106AC000CDE9017300940A4B4FF4006204F0C8F959
:106AD000A368C3F89802616A04F0EEF8284608B08B
:106AE000BDE8F0816FF07705F8E700BF8B2501085E
:106AF0007568000813B513460446002200920A4642
:106B000001460748FCF79EFE23691B792BB12046FE
:106B100002B0BDE810400BF05EBE02B010BD00BF79
:106B2000EF2701082DE9F04F85B00026DFF8A8A176
:106B300001910746144699460660B3462378002B18
:106B400000F0C6801AF8033013F0080304D004F8EC
:106B500001BBF3E70026F1E73A68511C396001995F
:106B600041F822403A684A4500F0B2801E4621783A
:106B70000029E3D0A6B90E4623461C46272E04D092
:106B80005C2E20D0222E40F0978020460BF04DFE48
:106B9000611C0246204605F031FD21780029CDD048
:106BA000B142A04604F101041BD140460BF03DFE6A
:106BB00021460246404605F021FD98F80060444613
:106BC000002ED9D1BAE720460BF02FFE651C0246F5
:106BD0002946204605F012FD66782C46002ECDD1C0
:106BE000ACE75C2998F80110D8D1B1428C4608D1A5
:106BF00040460BF01AFE21460246404605F0FEFCD8
:106C0000B5E7302925D10025022218F802C0ACF1E1
:106C10003000C0B2072819D8ED000132EDB2052AC4
:106C200045EA0005F1D1511E4144404603920291CC
:106C30000BF0FBFD039A0299023A821A404605F0D6
:106C4000DDFC98F8011088F80050A7E7D2B2022ABC
:106C5000E9D1BCF1780F2AD10025022018F80020D4
:106C6000A2F1300C5FFA8CFCBCF1090F09D82D01A0
:106C7000EDB24CEA0505022801D00422D3E7032037
:106C8000ECE7A2F1610CBCF1050F05D82D01EDB2C6
:106C9000573A1543EDB2EEE7A2F1410CBCF1050FF6
:106CA00003D82D01EDB2373AF3E7022802D108F1FB
:106CB000010473E70322B6E71AF806301B073FF515
:106CC00049AF6678631C002E7FF457AF1C4635E74A
:106CD000304605B0BDE8F08FF55E010838B50B46CB
:106CE000154648B91449154A521AB3EB920F05D20A
:106CF00051F82350284638BD84680CB90025F9E7BF
:106D00000F4A94420AD30F4A944207D21846226887
:106D1000294690472B68002BECD1EFE70A4A9442B2
:106D200002D30A4A944205D3246814225343E51837
:106D3000E358F0E70133F8E7105201084C5201081C
:106D4000645301086C5301084C5201086453010854
:106D50002DE9F84307460BF068FD054630BBBDE85A
:106D6000F88354B18AB2AA1A013001323944384446
:106D700005F044FC2C1BA5B244466B1E9E42EEDA85
:106D8000304601363B5C19F803301B07B6B2F4D528
:106D900031468BB29D42F0D97B5C19F8038018F024
:106DA0000808DED001340131A4B2F2E70026DFF892
:106DB00008903446E1E700BFF55E0108F8B5846845
:106DC00094F8563005466BB9AB68B3F85020A3F879
:106DD0005220F8BD013A92B2A4F850202AB984F8A2
:106DE0005620F1E7134E04F15600B4F850208318F2
:106DF00013F8013CF35C13F00803EBD183549AB20F
:106E000010FA83F110F802C016F80CC01CF0080F3D
:106E10001F4603F10103F2D1BFB2002FD4D0B4F862
:106E20005060731C9A1AF61B05F0E8FBA4F850603A
:106E3000CAE700BFF55E01088368D3F874329B0689
:106E400003D5024940690BF06FBE7047A853010893
:106E500001490BF069BE00BFE36B01080A1E0DDC9F
:106E60000ED042238168D1F87412890608D5002A11
:106E700004494069B8BF52420BF056BE4123F1E7C6
:106E8000704700BFBC7501080A1E0DDC0ED04423FC
:106E90008168D1F87412890608D5002A044940692E
:106EA000B8BF52420BF040BE4323F1E7704700BF2A
:106EB000BC7501082DE9F0410C1E064633DA644228
:106EC00024B24FF0FF35DFF86480A4B2AFB214E013
:106ED000B368B3F8522003F1560CB3F850301146A2
:106EE000002071B9B5F1FF3F00D073B9891A09B21A
:106EF00030460BF083FE013CA4B2002CE8D1BDE883
:106F0000F0818B4201D1012DF0D01CF801E018F87E
:106F10000EE01EF0070F04D10028E7D1394489B2F2
:106F2000DFE70120FAE70125CDE700BFF55E0108A4
:106F30002DE9F0478568DFF86890044605F15600B2
:106F4000F9F75EF9002395F83C7086B29846A2687E
:106F5000558FED1BB54209DB002E1FDD56336069EE
:106F60001049BDE8F0471A440BF0DEBD1D442A4429
:106F7000563392F856A082F85680A26860691A4487
:106F800049460BF0D1FDA3682B4483F856A0A368B3
:106F90005B8FDB1BF61A00272B46D8E7BDE8F0878E
:106FA0007A6A01089463010808290A4617D8836899
:106FB00093F83E10914212D083F83E208368082A4D
:106FC000D3F8743205D0990609D5054940690BF00C
:106FD000ABBD9B0603D5034940690BF0A5BD7047C7
:106FE000C3750108AD53010838B50D46097804464C
:106FF000FFF7DAFF6A78072A11D8A36893F83F10E1
:1070000091420CD083F83F20A368D3F874329B06DA
:1070100005D560690249BDE838400BF085BD38BD33
:10702000CC750108F8B58368B3F850200446002AEF
:1070300055D0B3F85210002951D0553103F15605FF
:107040000B441846A84206D3014611F80169202EC8
:107050003CD0A8423CD286B29DB2AB1B9BB2591C1D
:10706000471CD21A0144384605F0C8FAA268B2F8A3
:107070005030711B13FA81F3A2F85030A368B3F8B3
:1070800050201344002283F8562009B220460BF00A
:10709000B5FDA368D3F874329A0603D51049606928
:1070A0000BF042FD3B460F4A082120460BF085FEBF
:1070B0002046FFF7C1FEA368D3F874329B060ED5B5
:1070C00060690949BDE8F8400BF02EBD0846B9E7F4
:1070D000014611F80169202EBDD00846B9E7F8BD78
:1070E000B253010894630108B65301082DE9F84F23
:1070F00004460F4690460AB1FFF79EFEA668D6F8F2
:107100007432B6F852505B0724D505F1560030446E
:10711000F9F776F82A4E0546B5B9A368B3F85020BA
:10712000A3F85220A0680BF00CFD30B1B8F1000FAD
:1071300000D017B16069FFF78BFE7942204609B293
:10714000BDE8F84F0BF05ABD606931460BF0ECFC1E
:10715000013DE1E73046F9F753F8B6F85090738FE8
:1071600019FA80F915FA80F0B0FBF3F2B9FBF3F3EA
:107170009A42AA461BD0134DA3684845CDDA5A8FD0
:10718000B0FBF2F302FB1303461C13B96069FFF76F
:107190005FFEA3685344204693F856300AF1010B72
:1071A0002A4608210BF009FEDA463046E4E7563558
:1071B000054A7319082120460BF0FFFDADE700BF1B
:1071C000A57F0108C07501089463010813B58368A1
:1071D0008DF80710D3F874220446D00725D5B3F8EC
:1071E0005210B3F850208A421FD0481CA3F8520016
:1071F0000B449DF8072083F85620A368D3F8741237
:10720000890710D5D3F8743260690B4913F0040F65
:1072100018BF2A220BF088FC20460BF0A4FC10B10A
:107220006069FFF715FE02B010BD01220DF10701E4
:1072300020460BF0CFFDF6E7C075010810B50446F7
:107240008368094A02210BF0B8FDA368D3F87432B1
:107250009B0707D52046FFF76BFE2046BDE8104090
:107260000BF0A7BC10BD00BF9463010801490BF0EF
:1072700093BF00BFE36B01082DE9F0470546904638
:107280000E4600295ED0DFF8C0900024335D19F867
:1072900003301A071ED43046F8F7B2FFAB685A8F96
:1072A00080B2001BA2EB0803984206EB040A13D934
:1072B0005146002711F8010B19F800C01CF0080F07
:1072C00002D00A282ED03B4608EB0700824228D97C
:1072D0000137EFE70134D9E753460027B84208D118
:1072E000686951460BF058FF6869BDE8F047FFF741
:1072F000BDBF13F8012B0A2A11D168690BF06BFA94
:107300003A46514628460BF0F0FC01343C4468698B
:10731000FFF7ACFF41462846FFF7B6FDBBE7013754
:10732000DCE71F4668690BF056FA3A465146284694
:107330000BF0DBFC3C44335D19F803301B07E6D54A
:107340000134F8E7BDE8F087F55E0108F8B50F46AF
:107350005168044615461E4611B11A46FFF78CFFC8
:10736000AB6883B131462046FFF78EFD2046064AC2
:107370003B4608210BF021FDA968F21D2046BDE81F
:10738000F840FFF779BFF8BDD57501082DE9F04F3A
:10739000894600218BB0044616460D4605AA48468C
:1073A0004F1CFFF79BFC98B97DB126B132460821EE
:1073B00020460BF002FDDFF8B4A0002105AA4846E4
:1073C00001F1010BFFF78AFC60B90BB0BDE8F08F4B
:1073D000006810B1F8F714FF80B2854238BF054647
:1073E0003946DBE70768BFB13B78ABB14668384642
:1073F000F8F706FF2023A5EB00088DF813301C4A90
:1074000000975346082120461FFA88F80BF0D5FC58
:1074100026BB6069FFF72AFF5946CFE701220DF12D
:107420001301204603930BF060FC039B01339AB2D7
:107430009045F3D80F4A5346082120460BF0BDFC77
:10744000AB1DB2079BB20BD132680B498A4207D100
:10745000324639462046FFF779FFDDE70023E6E7AD
:107460001A4631462046FFF707FFD5E7EE750108BB
:10747000F2730108FD670108C40BD286F7B50F68E7
:1074800005460E46EFB13846F8F7BAFE84B2114B06
:10749000009308213B46104A28460BF08EFC716889
:1074A000E31C9BB279B18A070DD108680B4A904260
:1074B00009D10A463168284603B0BDE8F040FFF71D
:1074C00045BF3C46E3E71A46284603B0BDE8F04016
:1074D000FFF7D2BEEA750108F2730108C40BD28629
:1074E00010B507490446F8F7FFFE38B105492046B4
:1074F000F8F7FAFEB0FA80F0400910BD0120FCE771
:10750000E0750108E375010810B58368D3F874329B
:107510009B06044603D5064940690BF050FEA3685C
:1075200050225A87A36818221A87002010BD00BF76
:10753000BA53010808B5836902491A680BF0DAF8F2
:10754000002008BDF17501082DE9F3410D490E4CED
:107550000E4EDFF83C8005460BF0CCF80022B4421A
:1075600002F1010703D3002002B0BDE8F081636A95
:107570000093A36892B2414628460BF0BBF8303422
:107580003A46ECE701760108E05101081052010883
:107590001976010808B502490BF0D6F8002008BD9D
:1075A000E46B010873B50E4E04460025A268E0683E
:1075B0000DF1060302F5AB7201210BF09EFEBDF842
:1075C0000600A36840B12A4603F5AB733146204656
:1075D0000BF090F80135E9E783F8560102B070BD71
:1075E0002A76010810B504460BF0E7F80349024675
:1075F00020460BF07FF8002010BD00BF3871010855
:10760000022907B50BD15368009312680B4B0C4944
:107610000BF08CF86FF0150003B05DF804FB836885
:10762000084AD3F87432084913F0020F074B18BF09
:107630001A460BF05FF80020EEE700BF387601082D
:107640004D7601083476010856760108A8690108CC
:1076500010B58368D3F874329A06044603D50749F7
:1076600040690BF0ACFDA368D3F874329B0603D5D8
:10767000034960690BF0A3FD002010BDC153010850
:10768000C6530108F0B5012985B004460AD05368F5
:10769000009312685D4B5E490BF048F86FF01500DF
:1076A00005B0F0BD8368D3F87432990603D5594903
:1076B00040690BF084FD6FF0F9012046FFF7CEFB27
:1076C000FA212046FFF7E0FBA06800254FF4807206
:1076D000294600F5AB708DF80B5005F00FF84E49B8
:1076E00060690BF06CFD60690BF075F84FF47A7609
:1076F0006068036801221F690DF10B0103ABB847F5
:10770000039BEBB9013E4FF47A70B6B20CF0C6FDA4
:10771000002EEDD1A368D3F874329B0603D53F4900
:1077200060690BF04CFDA3683D4950225A87A3685D
:10773000182220461A870AF0EBFF6FF00700AFE728
:107740009DF80B20A3681B2A53D093F856111B29D0
:10775000CED1522A4DD15A19002382F85631A6684B
:1077600096F857215B2A2BD106F25710022510F804
:10777000011F2A463B2905F10105ADB223D1FF2A9D
:10778000C8D002F5AB7216FA82F1002211F8010F8F
:1077900018BB86F85601FA2AA16828BFFA224A8740
:1077A000FA2BA26828BFFA231387A368D3F8743290
:1077B0009A0603D5194960690BF001FD00206FE7B7
:1077C00086F85631A6E703EB8303303901EB43011A
:1077D000B5F5807F8BB2CAD19CE7013502EB8202FE
:1077E000ADB2303800EB4200B5F5807F82B2CDD12A
:1077F00090E72B440135ADB2092D83F856217FF671
:1078000077AFA368002283F8562183E73876010812
:107810004D760108CC530108A1760108D053010828
:10782000677601082DE9F04F074689B0154689466D
:1078300021B110460BF0DCFD00285BD1032455E09C
:107840005C463CE029460AF5AB7005F0A9FA06460D
:10785000002854D0F8F7D4FC82B2601C01323146C3
:10786000304404F0CBFE224659463046F8F7F8FE85
:107870004FF020033355BAF8543001331C44AAF8B2
:10788000544008F10108002401994B1C03AA484602
:107890000193FFF723FA0646E8B131680022284633
:1078A0000BF094FF0028EFD1D6F800B0D7F808A06D
:1078B000BBF1000FC4D05846F8F7A2FC84B2BAF866
:1078C00054302344FF2BBDDD0E4A2B46032138469E
:1078D0000BF073FA0124B8F1000F07D0B8682A46FC
:1078E00000F1540100F5AB700BF027F8204609B009
:1078F000BDE8F08F4FF0000841460224C5E702249E
:10790000E9E700BF697B010808B50348034A002185
:10791000121A0BF0B2FD08BDB00A00209022002020
:107920000748084A084908B5121A0BF0A8FD07488D
:10793000074A0849BDE80840121A0BF0A0BD00BF75
:1079400000000020AC0A0020C887010800000020C9
:1079500000000020C88701082DE9F843054600AF64
:107960000C46002948D0DFF8B890D9F800305A0703
:1079700042D06E468AB0D1E90001A3686A46DFF8BA
:10798000A4C04FF00508C2E905C0C2E9071342F8D8
:10799000108F00234FF421514846FDF74BF8D9F8DA
:1079A00000305B07B54627D08AB0D4E9030163698C
:1079B0006A46DFF874C0C2E90713C2E905C042F89D
:1079C000108F002348464FF42151FDF733F8D9F8C2
:1079D00000305807B5460FD0E3690121134A4846E5
:1079E0000AF0F9FBD9F80030590705D0A369104A0D
:1079F000012148460AF0EFFB012D0AD1EFF3058380
:107A000007480268520704D00A4A103B29460AF088
:107A1000E2FB2146284602F0B5FCBD46BDE8F883EE
:107A20001C0A0020BB7B0108EA7B0108197C0108C5
:107A3000287C0108567C010830BFFFF7FDBF00BF5E
:107A4000054BDA699B689A421FBF044A536843F0AA
:107A500080535360704700BF801B002000ED00E0A2
:107A6000F8B5374C23685B0706460D4603D0354909
:107A700020460BF011FD344B9B6ADF0451D523687F
:107A8000580703D031492E480BF006FD17202E4B26
:107A90009B6A190507D523685A0703D02C49284843
:107AA0000BF0FAFC1820284FBB6A9B0519D52368F8
:107AB000580703D0274922480BF0EEFCBB6BBA6A8B
:107AC00011040DD52268520704D0234A1C48012115
:107AD0000AF081FB26B11C4A936A23F400439362A7
:107AE0001920194B9B6A5B0507D523685F0703D0F4
:107AF0001A4913480BF0D0FC1A20134B9A6AD6058A
:107B000011D52368590703D015490D480BF0C4FC63
:107B10001B200D4A936A43F47F43936200232B702A
:107B2000F8BD1620B3E79B6A9A04F2D523685B0779
:107B300003D00C4902480BF0AFFC1C20E9E700BF62
:107B40001C0A0020697C010800ED00E07F7C010830
:107B5000907C0108A37C0108BC7C0108D17C010851
:107B6000EC7C0108047D010810B52D4C23685A07F0
:107B700003D02C4920460BF08FFC2B4B9B6A9B01BA
:107B80004BD52368580703D0284925480BF084FCBF
:107B90001E20254B9B6AD90107D523685A0703D0BD
:107BA00023491F480BF078FC1F201F4B9B6A1B03C7
:107BB00007D52368580703D01E4919480BF06CFC01
:107BC0002120194B9B6A590307D523685A0703D014
:107BD000194913480BF060FC2220134B9B6A9B034E
:107BE00007D52368590703D014490D480BF054FCFE
:107BF00023200D4B9B6ADA0307D523685B0703D06C
:107C00000F4907480BF048FC2420074A936A6FEAA3
:107C100003436FEA1343936210BD1D20B9E700BF11
:107C20001C0A0020337D010800ED00E04B7D0108B7
:107C30005E7D0108787D0108967D0108BB7D010805
:107C4000D57D01082DE9F047454D2B688946590738
:107C50008046174603D0434928460BF01DFC424B93
:107C60009B6ADA0639D52B685B0703D03F493C484D
:107C70000BF012FC11243C4B9B6A1E0707D52B68A6
:107C8000580703D03A4936480BF006FC1224DFF8B7
:107C9000D8A0DAF82830990721D52B685A0703D0E5
:107CA00034492F480BF0F8FBDAF83460DAF8283062
:107CB0001B0651D52B685C0705D02F4A2848334650
:107CC00001210AF088FAB9F1000F04D0264A936A1C
:107CD00023F080039362132403E01024CBE76FF0BA
:107CE0001506214B9B6AD80707D52B68590703D087
:107CF00022491B480BF0D0FB14241B4B9B6A9A06AD
:107D000007D52B685B0703D01D4915480BF0C4FB52
:107D10001524154B9A6AD50602D49A6A90070AD59B
:107D20005B68190507D54146304600F033FA10B1BB
:107D300080F3098802240C4B9A6A920642BF5A6A61
:107D400022F400525A629A6A42F0FF029A620023B9
:107D50003B702046BDE8F0876FF01506BBE700BF1B
:107D60001C0A0020007E010800ED00E0167E0108DC
:107D7000907C0108497E0108617E0108777E010838
:107D8000047D01082DE9F041744B8AB0D3F80480DA
:107D900000AF0446C8F30806002585F31188BFF339
:107DA0006F8F02F07F43B3F17F4F0AD102F00C03D3
:107DB000082B15D16A480368590702D069490BF0AE
:107DC0006BFB00252C460023FB71F31E092B00F2F0
:107DD0009F80DFE803F00A91948D9D9D9D9D9D9766
:107DE00012074CBF0C460125EDE75D4E33685B077B
:107DF00003D05D4930460BF04FFB0023FB71574B1E
:107E0000DA6A900708D53368590703D057495448B0
:107E10000BF042FB00233CE0DA6A002A04DA336804
:107E20005A07F7D05249F2E7DB6A5B00F2D53368B4
:107E3000580703D04F494A480BF02EFB474BA16926
:107E40005A6942F480725A61BFF34F8FBFF36F8F4C
:107E50005A6931F8021C22F480725A61BFF34F8FC5
:107E6000BFF36F8F4DF60272914208D09A6AD2B278
:107E70008AB3FA1D01212046FFF7E4FE3AE0336899
:107E8000590705D023683C4A354801210AF0A3F977
:107E90002368FA79DAB907F1080604F1200C2068A2
:107EA0006168324603C2083464451646F7D17A6ADF
:107EB000002D4DD0C2F3080121B96FEA52226FEABA
:107EC00042227A6207F108011846FFF745FD28377C
:107ED000BD46BDE8F0819A6A12F47F4F04D0F91DC7
:107EE0000120FFF7BDFD05E09B6AB3F5803F91D30C
:107EF000FFF73AFE0346CCE7FA1D0021BBE7F91D68
:107F00000020EEE7164803685A0783D01B497FE735
:107F1000134803685B073FF47DAF194A194B18F407
:107F2000F87FE8468AB018BF13466A461649C2E988
:107F300005134FF400731384103E144BD66142F8BE
:107F4000103F00234FF41151FCF774FDC54661E763
:107F500022F4FF7222F00102B3E700BF00ED00E05F
:107F60001C0A0020C47E0108EF7E0108067F01087C
:107F7000277F0108357F0108547F0108707F0108C1
:107F8000AB7E0108967E0108947F01080400000181
:107F9000044B5A6942F010025A615A6922F00802F1
:107FA0005A61704700ED00E0EFF30880EFF30981BC
:107FB00001B57246FFF7E6FE01BD00BF0E4880F333
:107FC0000888102080F311880C484FF0AA014FF464
:107FD00004620BF052FA09484FF40461401880F330
:107FE0000988EFF314800221084380F31488BFF35B
:107FF0006F8F00F097F80000C04C0020003B00207D
:10800000084B9B6883420BD1EFF3058343B1064BCA
:108010005A6842F080525A605A6A22F400425A6208
:1080200003F076BA801B002000ED00E001B50CF0F3
:108030005BFABDE8014016498A684FF040001044E1
:10804000EFF3098C80E8F01F102080F31288BFF353
:108050006F8F104F4FF00066CA698A603E60D2F899
:10806000C8000023C2F8C83080F3118804B5104658
:1080700000F01AF9BDE8044002F1400090E8F01F5A
:108080008CF3098801B502F017FFBDE80140704785
:10809000801B002004ED00E01EF0040F0CBFEFF386
:1080A0000880EFF30980816911F8021C0229FFD0D2
:1080B00001B572460BF0E5F901BD00BF40B20028E2
:1080C00007DB044A4109012300F01F00834042F806
:1080D0002130704700E100E040B20028A8BF00F165
:1080E000604001F10101B8BF064B4FEA0111ACBF7E
:1080F00000F5614000F00F00C9B2B4BF195480F818
:108100000013704714ED00E0044B054A23F07F0391
:108110009360BFF34F8FBFF36F8F7047000000086D
:1081200000ED00E008B5FFF7EFFF0B4AD2F888300A
:1081300023F47003C2F88830EFF3148323F00403B0
:1081400083F31488BFF36F8FFFF7DEFBFFF7E8FBC5
:1081500000F05CF802F05CFA00ED00E042F8203C30
:10816000009B42F81C3C0A49019B42F8183C029BC8
:1081700042F8143C21F001014FF0807342F8043CB6
:1081800042F8081C0023203A0266C0F8C830704745
:10819000D91901080A4A0346906878B113F1160FFD
:1081A000D0F8B80005D0A0F140029A4205D8834229
:1081B00003D2814228BF002070470020704700BFD3
:1081C000801B002008B50D4B044698600E461546EE
:1081D00002F072FE204600F067F82C4686F309880C
:1081E0000020044B98472046002100220023024C27
:1081F00020470000AF340108D9190108801B002076
:10820000014B10221A61704700ED00E00448002382
:108210001021C2180133662B82F80013F9D1704780
:1082200000E100E008B5EFF30583064A103B02EBDE
:10823000C30152F8330049688847BDE80840FFF79A
:10824000FFBB00BFE44C0108074AD2F8FC3043F002
:108250008073C2F8FC30054B00225A601A6842F065
:1082600001021A60704700BF00ED00E0001000E05E
:10827000034B00225A601A6842F001021A607047EC
:10828000001000E0014B002158687047001000E02A
:10829000024B034A0348012100F092B8000002207B
:1082A00000000020085A0108D0F8B820054B403AD9
:1082B0001A60054A4021C3E901121846012100F065
:1082C00089B800BFE020002000000B1508B5034668
:1082D0001148D0F89020C2F30722013A93420AD9FC
:1082E0000E480268520703D00D4A012109F073FFBE
:1082F0006FF0150008BDC0F898300A6822F01F0220
:108300001A4342F01002C0F89C208A6842F0010231
:10831000C0F8A0201846EDE700ED00E0180A0020A4
:10832000AB7F0108F0B50E4685B01F460446002518
:10833000B54210DA606828B3AFB1431E18420DD0C1
:10834000124803685B0704D0114A2B46012109F04B
:1083500042FF6FF01502104605B0F0BD1F28EFD99F
:1083600021680B42ECD1236801930BF0B4F8A368A9
:1083700001A90343D0B20393FFF7A8FF10F1160F32
:10838000E7D0421C01350C34D2E700BF180A0020A8
:10839000D17F0108044B0522C3F89420BFF34F8F0F
:1083A000BFF36F8F704700BF00ED00E0BFF35F8F3A
:1083B000024B0022C3F89420704700BF00ED00E09C
:1083C00010B5034C01232278FFF7ACFF207010BDDD
:1083D0008C22002008B50B4A00231278FFF7A2FF79
:1083E00010F1160F07D0084A0021D2F89030C3F3DD
:1083F0000723984200DB08BDC2F89800C2F8A0101D
:108400000130F2E78C22002000ED00E02DE9F0437E
:1084100057485849D0F890300D68C3F307239D4260
:1084200085B000F2A180FFF7C1FF496800229542A4
:1084300001F10C011AD1504C504F25706846FCF7E1
:10844000B5FDDFF83C81DFF83C9106460025AE42E1
:108450001FD1237846490020D1F89020C2F307228B
:1084600093427BDBFFF796FF00204CE0C0F898209A
:1084700051F80C3C23F01F03134343F01003C0F8E2
:108480009C3051F8043C43F00103C0F8A0300132A5
:10849000CDE7009800EB05114FEA051CCB683B4087
:1084A000B3F5000F44D00AD8B3F5001F2ED0B3F5B2
:1084B000800F34D0B3F5801F10D00135C7E7B3F17A
:1084C000807F3ED0B3F1007FF7D150F80C30886840
:1084D0004A680BF000F840F4802009E050F80C30B6
:1084E00088684A680AF0F7FF40F0885040F430206E
:1084F000039001A92078CDE90123FFF7E7FE0028CA
:1085000028DA6FF0150005B0BDE8F08350F80C30A4
:1085100088684A680AF0DFFF40EA0800E8E750F898
:108520000C3088684A680AF0D6FF40EA0900DFE7A5
:1085300050F80C3088684A680AF0CDFF40F082702D
:10854000D6E750F80C3088684A680AF0C4FF40F05B
:108550008870CDE7237801332370AEE7C1F89830F7
:10856000C1F8A000013377E74FF0FF30CBE700BF41
:1085700000ED00E0145A01088C2200200000F0FFFA
:108580000000081100000206014B1860704700BF90
:10859000BC070020F8B5084F06460D460024AC4243
:1085A00008DA3B6898470A28305504F1010401D0E5
:1085B0000D28F4D12046F8BDB8070020F8B50A4FC1
:1085C0000D46461EC0F10104A3199D4201DC284658
:1085D000F8BD73780A2B02D13B680D2098473B68A1
:1085E00016F8010F9847EFE7BC07002010B5074CBD
:1085F0002368C2180648C0F1005101F500318A42D3
:108600003ABF2260C0184FF0FF3010BDEC200020B0
:108610004063002008B5054809F0C4F9002383F33E
:108620001188BFF36F8F0423184602DF038001080F
:108630000B0706D5034B1B5C03F00303012B08BF9C
:1086400020307047F55E0108064B02681A60064B41
:1086500042681A60054B82681A60054B02691A600D
:10866000704700BFF8200020F4200020F0200020F8
:10867000FC20002010B5044C23781BB9FFF7E4FD63
:108680000123237010BD00BF8D220020074BBFF3D4
:108690005B8F53E8002F511C43E800100028F8D1ED
:1086A000BFF35B8F0AB9FFF7E3BD704700210020DD
:1086B00013B5104C20460BF020FE58B90E48036845
:1086C0005B0703D00D4A012109F07CFD6FF0120019
:1086D00002B010BD0A4A92E803006B4683E803002B
:1086E000A26812681AB1194620469047F0E76FF069
:1086F0005700EDE7044B0108080A00200C80010830
:10870000905301083F2808B5034609D90B48026871
:10871000520703D00A4A012109F05DFD002008BD7F
:10872000084B1F2800F01F0194BF5B695B6B01229F
:108730008A409A430CBF01200020F0E7080A00207D
:108740002B8001080004014000F01F0201213F2896
:1087500008B501FA02F2034609D90948026852072E
:1087600002D0084A09F037FD6FF0150004E01F2819
:10877000054B02D85A61002008BD5A63FBE700BFD1
:10878000080A00202B80010800040140044B184413
:1087900000230133994200F8012BFADC704700BF37
:1087A000920900202DE9F041104F054600264FF0B8
:1087B00001086B78F4B2A34201D8BDE8F0812B78B0
:1087C0001C442046FFF79EFF68B12046FFF7BCFF20
:1087D00057F834303BB107EBC40204F01F04516872
:1087E00008FA04F098470136E3E700BF04210020AF
:1087F000034660B1B0FA80F2C2F11F02D2B205495D
:108800008856054A11680B431360FFF757BCFF22D7
:10881000F5E700BF9209002000040140024A1368F6
:1088200023EA00031360704700040140032921D8A4
:10883000DFE801F0020C10190F4B9A6822EA0002DF
:108840009A60DA6822EA0002DA6070470A4B9A6896
:108850000243F5E7084BDA680243DA609A6822EAD5
:1088600000029A607047044B9A6802439A60DA6883
:108870001043D860704700BF0004014030B5B0B16C
:10888000B0FA80F3C3F11F03DBB20B4850F833405A
:108890008C4204D100EBC3056D68954205D044B904
:1088A00040F8331000EBC3004260002030BDFF23CE
:1088B000EBE76FF00F00F9E70421002060B1B0FA98
:1088C00080F3C3F11F03DBB2044A002142F83310E6
:1088D00002EBC30251607047FF23F5E7042100203B
:1088E00000F00302043292000F23934043EA900009
:1088F00000F003030233074A52F82320030C93FAD3
:10890000A3F3B3FA83F302EA104003F01F03D84045
:10891000704700BF0000014038B54FF0A0431A680F
:10892000D00608D5314810221A600368590702D0D2
:108930002F490AF0C5FF4FF0A0431A68520745D5EA
:108940002C4C1A6CD4F89430991CC4F894101A80EA
:1089500094F8A53094F8A4200133DBB29A4284F84D
:10896000A530254632D1002384F8A530636E9BB331
:10897000E36FB4F888203BB11F4804F164019847C5
:10898000012811D0022822D0B4F88830B4F884200D
:108990009A421CD90133A4F88830A36F4BB9BDE8C3
:1089A000384014480AF0A3BFD4F89830C4F8943083
:1089B000F3E7BFF35B8F55E8003F5A1E45E80021FF
:1089C0000029F8D1BFF35B8F012BE8DC38BDA36F22
:1089D00013B10A480BF06FFF4FF6FF73A4F8A630EF
:1089E0000748BDE8384001F067BF00BF000A00201B
:1089F0007E80010830000020844C010838000020EF
:108A000080000020F8B543680A790746186893F893
:108A10003C30DC060D4602F020010AD491B15B48DF
:108A200003685A0702D05A490AF04AFF6FF015004E
:108A3000F8BD39B19B0605D4544803685F07F5D0EB
:108A40005449F1E702F01F0312F0200F4FF0010428
:108A500003EB4302504E04FA03F408BF7F26092BB0
:108A600044EA836484BF1E3A44EA0254D0F8B0302A
:108A700094BF44EA025444F000742340C3F3120349
:108A8000B34211D00AF072FFD0F8B030C4F3120232
:108A900023EA0203414A06F01806F240224013433B
:108AA000C0F8B0300AF049FF2B78092B05D03748C1
:108AB00003685E07BAD03A49B6E76B78042B05D055
:108AC000324803685D07B1D03649ADE72C796B8831
:108AD000786804F01F04056833B343F6FF729342CD
:108AE00031D09A0B032A0CD0284803685C079DD02C
:108AF0002D490AF0E5FE254803685B0796D02B490F
:108B000092E72B4F00F12606002236F8021F394368
:108B100089B28B4209D00132082AF6D11B4803687A
:108B2000590783D02349E4E71A4690F9383063B1F6
:108B3000013BDBB2012B27D9144803685A073FF4E5
:108B400075AF1D49D5E70722EFE7012304EB440188
:108B5000092C03FA04F343EA846385BF1E3943EA10
:108B6000015343EA015343F00073D80D00F00400B1
:108B70001435C3F30453295807249C4021EA040107
:108B800002FA03F30B432B50002051E7000A0020A8
:108B9000F78001082781010800007F40FFFF0700E0
:108BA000678101087C81010896810108178201080C
:108BB00000C0FFFFBE810108E181010873B546686E
:108BC0003568044628460AF0D1FE012160680AF0A3
:108BD0007BFE96F83C30990603D5606800210AF0C8
:108BE00073FE104861688368DB6808313BB90E4842
:108BF00003685A0707D00D490AF062FE03E001AA94
:108C000098470028F3DB019B33B9074803685B07EB
:108C100002D007490AF054FE284602B0BDE8704071
:108C20000AF08BBE044B0108000A00202D820108C7
:108C3000478201082DE9F74F4768D0F810803E6859
:108C40000546DFF838A150460BF057FB60B94C4899
:108C500003685A0702D04B490AF032FE6FF0120443
:108C6000204603B0BDE8F08F4FF6FF73C8F8905070
:108C7000A8F8A6306C68DAF808B02146DBF80030B6
:108C800051F8089B13B3504698470246F0B994F840
:108C90003C30DB0711D494F83C30980708D5DBF85A
:108CA000183004F118018BB134480022984768B994
:108CB000B9F1A04F25D1344B29E0DBF8183004F18D
:108CC00010011BB1504698470028E4D0786A01AAE9
:108CD00000210BF067F8041E07DB019B00221979C5
:108CE000186800F0A3FB041E18DAA11C16D0244853
:108CF00003685A07B4D0254A2346012109F06BFACC
:108D0000AEE72349234B204A894508BF13469A689A
:108D1000216A22F47C120A439A60D7E797F83C3024
:108D20005B0741BFB36823F0204323F03F03B360E8
:108D300097F93B3073B1B36823F0104323F03F033E
:108D400043F08053B36097F93B30012B02D11420DC
:108D50000BF0A4FA7B6803B198472846FFF72EFF73
:108D6000F36823F47E63F360D8F848301BB908F148
:108D7000400001F0A1FD002472E700BF044B010890
:108D8000000A00205B820108000300507A8201087B
:108D900000010050000700502DE9F04F076987B02F
:108DA00007F1400306460D4603934FF0FF324FF0A4
:108DB000FF33039801F0B4FD73683469D3F8008081
:108DC000AB68C4F894306F68C4F8A0703846F8F700
:108DD00063FC002384F8A40084F8A5303FB9A448BC
:108DE00003685E070ED0A3490AF06AFD0AE0102866
:108DF00011DD9F4803685D0704D09F4A10230121BD
:108E000009F0E9F96FF01504039801F055FD2046CB
:108E100007B0BDE8F08F7268106892F93D103C32DF
:108E20008B4206DB16D1924803685C07EAD093496F
:108E3000DAE752F8049F95F810C0BCEBD94F2CD15B
:108E40005FFA89F3FF2BC9F30427C9F3423BC9F347
:108E5000024A24D173680493D3F800E03369D3F84D
:108E6000A0004FF000090EF1300B88BB94F8A4204D
:108E70002B68520013B19B8903FB0222EB689342DB
:108E800068D27B480168490704D0012100927C4ADE
:108E900009F0ABF96FF00B04B6E70133C0E7C35834
:108EA000FB400BEA03039A45D4D00AF05FFD7368D8
:108EB00009F0FC09196851F809300BFA07FB23EA9D
:108EC0000B030AFA07FA43EA0A0341F80930C1E73B
:108ED00090FAA0F2B2FA82F201239340092A02EB3F
:108EE0004201059343EA8263049A88BF1E3992F9CE
:108EF00039208ABF43EA015343EA015343F0007328
:108F0000012A21D15F4A5FFA89FAC3F3846352F8D8
:108F10002A104FEA911C0CF00C0C01F01F015BF8B9
:108F20000C2017461F228A408B4027EA02021A4370
:108F30004BF80C20544ADEF8303052F82A2023F047
:108F40000F031343CEF83030059B09F1010920EAE5
:108F500003008AE771686A7C0868002A54D10369B3
:108F600023F4806323F003030361AB7C13B1304629
:108F7000FFF724FE40460AF0E0FC1023C8F800305A
:108F8000D8F8043043F00403C8F80430AC46BCE819
:108F90000F0004F164060FC6DCF8003033600026D1
:108FA00026662B68002B5ED00FCB04F1780585E890
:108FB0000F006566A4F88860002854D0BFF35B8F6B
:108FC00054E8003F44E80062002AF9D1BFF35B8F08
:108FD000A06F633046F1000164220023F8F742FBE2
:108FE0000022CDE90001002304F1080002F0E2FDB7
:108FF0004FF0FF324FF0FF3304F1500001F090FCCE
:1090000000B12066246EFFE6082A25D8036923F400
:10901000806323F0030343F00103036191F93A30C5
:10902000012BA2D1194B53F82290194B53F822A0CF
:10903000036903F01C039A4504D1036903F4F07338
:10904000994592D00AF092FC036949EA0A0923F48F
:10905000FE7343EA090387E7054803685B073FF4AB
:10906000D1AE0C49C0E620460AF041FCC0E700BF83
:10907000000A002098820108AD820108D68201080A
:10908000E98201083C5B0108FC5A0108D85A010832
:10909000B45A01080E83010838B5274B18680B88AD
:1090A000C3F30B030D2B0D46144611D813B96FF003
:1090B00085001EE0023B0B2B15D8DFE803F03306DA
:1090C00033312F331414141B26264FF4FA400AE0D0
:1090D00003F6B873C3F30B03182BE8D8174A22FA28
:1090E00003F3DB07E3D520602B68B3F5805F1BD269
:1090F000002038BD00F0D0F80623B0FBF3F0552374
:1091000058430723B0FBF3F0EDE700F0C5F8062362
:10911000B0FBF3F0552358434008E4E70848E2E782
:109120000848E0E70020DEE7C3F313330133B0FB68
:10913000F3F02060DCE700BF0808002011011101F6
:1091400000366E01006CDC02F8B54F4F4F4C00F05A
:10915000C1F838460AF0C4FC01F04CF8A3684C4A48
:10916000C3F303131578D35C05F01F0503F01F0349
:1091700020FA03F647FA05F5AE4202D2284601F07E
:109180006FF8236823F480232360236843F480333B
:10919000236023689903FCD5D4F8943043F001038D
:1091A000C4F89430D4F894309A07FBD5D4F89830AA
:1091B00043F00103C4F89830D4F898309B07FBD5EE
:1091C000A36803F00C030C2B18D12368580506D4B0
:1091D000236843F48073236023685905FCD5A36892
:1091E00023F0030343F00103A360A36803F00C031F
:1091F000042BFAD1A36823F0F003A360236823F0C3
:109200008073236023689A01FCD4E36823F400335D
:1092100043F06053E360E36843F48033E360E36862
:1092200023F4C003E360E36843F48013E36000F0D9
:1092300037F8236843F08073236023689B01FCD5D3
:10924000A36823F0F00343F08003A360A36843F016
:109250000303A360A36803F00C030C2BFAD1A368EB
:10926000AE4223F0F003A36002D3284600F0F8FFDB
:10927000084B1F60A36823F4E063A360A36823F492
:109280006053A3600020F8BD80FE210A0010024058
:109290005F860108080800200048704700366E010C
:1092A0000A4AD2F8803023F48073C2F8803002F585
:1092B000D032074BD1680B4043F4AA4343F0530329
:1092C000D360D36843F08073D36070470070004070
:1092D0000C80FFF9064B9A6D42F080529A659B6DA7
:1092E00082B003F080530193019B02B0704700BF2E
:1092F0000010024008B507480AF0FFFF38B10648E1
:10930000FFF742F90448FAF71DFA002008BD6FF094
:109310001200FBE7444C01081D9300080A2838B5E9
:10932000074D044604D1AB680D215B682846984779
:10933000AB6803485B68E1B29847204638BD00BF80
:10934000444C01082DE9F843D0F80480D0F810907F
:10935000D8F8080017460D461E460AF083FAB7F5FE
:10936000001F044616D12846D8F80840FFF7B8FA7F
:1093700084420CD129460AF075FA0446FFF74EFAEA
:109380002046FFF79BFA00212046FFF74FFA002006
:10939000BDE8F883B7F5800F20D0B6F1806F19D003
:1093A000B6F1C06F18D0B6F1007F1AD1022610496D
:1093B0004A462046FFF762FAB0B9D8F808102846A6
:1093C0000AF055FA20463146FFF730FA2046FFF7FB
:1093D0000FFADCE70126EAE70326E8E76FF08500ED
:1093E000D6E76FF01500D3E76FF00F00D0E700BFAE
:1093F0004F3D010838B50369044658600A4D2846B8
:109400000AF07BFF60B1AB6861681B680C3123B167
:109410002846984700EAE07038BD6FF05700F9E73A
:109420006FF01200F8E700BF044B01082DE9F04788
:109430001E4F044600EBC1060025B44201D10020B6
:1094400014E02068C30600F01F0911D4656845F0D8
:109450002005C0F3481AC0F34420192823D857F830
:109460002080B8F1000F0DD16FF01200BDE8F08739
:10947000B9F1100F04D0B9F1110FEAD16568E8E72E
:109480003025E6E740460AF038FF0028ECD04B468E
:109490002A460AF00F0140460AF06FFC002804F14A
:1094A0000804CADAE2E76FF01500DFE7685C01083C
:1094B0002DE9F0418C464068BDF8187006681946E1
:1094C0000CF1FF33052B0BD9A9480368590704D0C9
:1094D000A84A6346012108F07EFE6FF0150012E0F5
:1094E000B6F1804F11D0A44CA6420ED0B2F5803F09
:1094F0000BD99F4803685A0703D0A04A012108F0FE
:1095000061FE6FF08500BDE8F0819D4CBCF1040F59
:1095100054F8235007F4807408D974B92C469AB9CA
:10952000336A23EA040333620020ECE7002CF5D011
:10953000944C54F82340002CF1D18D4803685B070C
:10954000CBD0914A6346C5E78068002840F09F80F1
:1095500002F1FF3807F00107B4F5807F4FEA4700BA
:1095600000F0BA8000F2A780102C00F0B78000F263
:109570009E80012C00F0B480042C08BF012218BF8B
:109580000922824FD6F820C0BA5C022707FA02FEF1
:109590002CEA0E0C00FA02F24CEA020232627C4A19
:1095A000304652F823309847C6F82C80336A34EAA4
:1095B0000303B9D0B5F5807F00F0AD8000F29A804A
:1095C000102D00F0AA8000F29180012D00F0A780FC
:1095D000042D08BF012318BF09236E4F6E4817F8EA
:1095E00003C010F803E06D4B06F1180103FA0EF307
:1095F00051F80C2022EA0303602202FA0EF2134310
:10960000B4F5807F41F80C3000F0A48000F2918026
:10961000102C00F0A18000F28880012C00F09E80C8
:10962000042C08BF012318BF0923DFF874C1726836
:109630001CF803C04FF4807303FA0CF322EA03030F
:109640007360336A1C4334623368B5F5807F43F03E
:109650008003336000F0B78000F2A480102D00F08A
:10966000B48000F28180012D00F0B180042D08BF8C
:10967000012318BF0923FA5CC05C8C58082383407F
:1096800023438B50736943F0010373614CE7102847
:1096900001D101395CE720F0400CBCF1200F02D071
:1096A00040287FF42EAF49084FEA520852E7402C79
:1096B00008BF032263E7B4F5804F13D007D8B4F591
:1096C000806F11D0B4F5805F08BF062257E7B4F56C
:1096D000803F08BF082252E7042252E7022250E7E7
:1096E00000224EE707224CE705224AE7402D08BF3B
:1096F000032370E7B5F5804F13D007D8B5F5806F19
:1097000011D0B5F5805F08BF062364E7B5F5803F4B
:1097100008BF08235FE704235FE73B465DE70023BC
:109720005BE7072359E7052357E7402C08BF0323CE
:1097300079E7B4F5804F13D007D8B4F5806F11D016
:10974000B4F5805F08BF06236DE7B4F5803F08BF1E
:10975000082368E7042368E7022366E7002364E739
:10976000072362E7052360E7402D08BF032380E756
:10977000200A0020DC830108000C0040F18301086E
:10978000985D0108885D01082A8401084085010868
:10979000705D0108548501084A85010873000100C5
:1097A00036850108B5F5804F13D007D8B5F5806F21
:1097B00011D0B5F5805F08BF06235AE7B5F5803FA5
:1097C00008BF082355E7042355E7022353E7002386
:1097D00051E707234FE705234DE700BF2DE9F04F81
:1097E00083B04668D0F810A0346800AF8146DFF837
:1097F000288240460AF081FD70B9884803685A07FC
:1098000003D0874A012108F0DDFC6FF012052846DD
:109810000C37BD46BDE8F08FD8F808B03169DBF8E9
:1098200000306BB140469847051E0CDA7B48036850
:109830005B07ECD07B4A2B46012108F0CCFCE6E725
:109840006FF05705F2E77369012B2BD93169DBF80B
:1098500018300831D3B10022404698470546B8B9C0
:109860003169DBF80C300831CBB140463A469847B5
:10987000B0F1000821DA694803685D0704D06A4A3C
:109880004346012108F0A7FC4546C0E76FF05705A5
:10989000624803685E07BAD0644A2B46CCE76FF093
:1098A0005708E8E75D4803685C0703D0604A012178
:1098B00008F088FC6FF01505A9E73B68CAF800308E
:1098C000DAE901018368DB6803B19847B0693A1DA2
:1098D00000210AF067FAB0F1000808DB7B6800227B
:1098E00019791868FFF7A2FDB0F1000806DA4B48B5
:1098F00003685907C8D04F4A4346C2E77368A3625A
:109900004D4B00229C42E26216D0B4F1804F48D009
:10991000A3F594339C421BD003F580639C4240D056
:1099200003F580639C4213D003F594339C4203D02B
:1099300003F5E0539C4250D12368B16823F07003D3
:109940000B432360236823F440732360226335E0D4
:109950002368B26823F0700313432360236823F461
:1099600040732360F368002B32D02C480268520702
:1099700014D06C468AB0D9F800106A462F4DD161D8
:10998000C2E9055340F2013313842D4B42F8103FD6
:1099900000234FF41151FBF74DF8A5466FF08505F4
:1099A00035E72368B26823F070031343236023680C
:1099B00023F440732360234B9C4225D1636C43F412
:1099C00000436364636CF26823F0FF031343636432
:1099D000236843F00103236019E71B4B9C420CD022
:1099E0001A4A944202D01A498C4211D1236823F4B6
:1099F0004073236000232363E0E71A6822F4407277
:109A00001A6000221A63D9E70F4B9C42D6D0A9E70F
:109A10009C42D3D09442F9E7044B0108200A00206D
:109A20005B82010851840108908401087184010857
:109A3000B0840108D4840108002C0140F28401089C
:109A40000400000100340140004001400044014096
:109A500000480140012912D0022907D089B90068C5
:109A6000094BC01A18BF0120000370470068064B5D
:109A7000984214BF4FF440504FF4005070470020FC
:109A800070474FF4005070470080004043681B68E7
:109A900003F1080252E8002F42F0010203F108002E
:109AA00040E800210029F3D10F4A93420FD0A2F5DC
:109AB000744293420BD002F58062934207D002F5C4
:109AC0008062934203D002F58062934203D15A68C8
:109AD00042F040025A6053E8002F42F4807243E89B
:109AE00000210029F7D170470038014043681B6806
:109AF00003F1080252E8002F22F0010203F10800EE
:109B000040E800210029F3D10F4A93420FD0A2F57B
:109B1000744293420BD002F58062934207D002F563
:109B20008062934203D002F58062934203D15A6867
:109B300022F040025A6053E8002F22F4807243E87A
:109B400000210029F7D170470038014070B51D464B
:109B5000094B002633F812203346F7F783FD09023C
:109B600041EA10616C08000220182A46334641F190
:109B70000001F7F777FD70BDDC6101082DE9F043C6
:109B800083B043680269D3F8008000AF06460C46F4
:109B9000002945D01068D9688368DB6883B13A1D15
:109BA0009847051E0FDA384803685A0703D0374A2A
:109BB000012108F007FB28460C37BD46BDE8F083BD
:109BC0006FF05705EFE7324B98454CD1D7F804803A
:109BD000DFF8C09000252346AAB240460021FFF7D7
:109BE000B5FFA0F5407048451DD901350C2DF2D1C7
:109BF000254803685B0713D06D468AB033686A4610
:109C00002549D461C2E905134FF400731384234B33
:109C100042F8103F00234FF41151FAF70BFFAD4605
:109C20006FF01505C7E71A4EF36A23F00F032B43B5
:109C3000F3621B4B33F81520002319464046F7F713
:109C400011FD090241EA106163080002C0182246B2
:109C50004FF0000341F10001F7F704FDC0F31300DA
:109C6000F0600025A7E7D8F8003023F40043C8F8D7
:109C700000307B6803EB5403B3FBF4F30F2BB7D92D
:109C80009BB2C8F80C30ECE7380A00207485010854
:109C900000800040FFFC0F00A285010804000001C5
:109CA000DC6101082DE9F84306460A79406833690A
:109CB00004685F68012A0D461AD0931ED3F100088C
:109CC00048EB03084FEA88286979FFF7C3FE95F847
:109CD0000690B9F1020F03460DD0B9F1040F0ED072
:109CE000AAB1033A012A0CD86FF08500BDE8F883C9
:109CF0004FF4C068E8E73AB94FF0805008E0002A16
:109D0000F2D14FF4805003E0033A012AECD900204D
:109D1000B3F5805F3CD0B3F5405F3BD0002B0CBF68
:109D2000012303239942DFD141460AF09EF8814581
:109D3000DAD1EB79C3B1012B2ED1194B9C4213D050
:109D4000A3F574439C420FD003F580639C420BD073
:109D500003F580639C4207D003F580639C4203D0E7
:109D600003F540539C42BFD1236823F001032360D5
:109D7000294630460AF0F3F90028B5DB236843F0A2
:109D80000103236095E8030087E803000020ADE7A6
:109D90000023C7E70223C5E7032BCED0A4E700BF0B
:109DA000003801402DE9F04383B004694668054658
:109DB0007848206000AF0AF0A0FA70B976480368CE
:109DC000590703D0754A012108F0FCF96FF012041D
:109DD00020460C37BD46BDE8F0832068F1688368F3
:109DE0001B685BB96C4803685A0702D16FF05704CF
:109DF000EEE76B4A012108F0E5F9F7E798470446DA
:109E000020BB306A3A1D002109F0CCFF041EDFDBC5
:109E10007B68002219791868FFF708FB041ED7DB5E
:109E2000D5F804802B69D8F80040D3F80490236853
:109E300023F001032360D8F804000AF05EFA80B929
:109E4000554803685C07C1D0564ABCE752480368CE
:109E50005B0703D0524A012108F0B4F9002CB7DBAC
:109E6000CFE7D8E901018368DB6803B1984754E87C
:109E7000003F43F00C0344E80032002AF7D1494682
:109E800028460AF06CF9002802DA6FF015049FE703
:109E900098F814301BB1A36843F00803A36098F846
:109EA00015301BB1636843F40043636098F81630C3
:109EB0001BB1636843F48033636098F817301BB1BB
:109EC000636843F40033636098F81830002B4BD07C
:109ED000354B9C422BD0A3F574439C4227D003F50D
:109EE00080639C4223D003F580639C421FD003F51E
:109EF00080639C421BD003F540539C4217D02648F8
:109F000003685907C1D06C4688B02B686A46274958
:109F1000C2E905134FF400739383254B42F8103FB9
:109F200000234FF4E251FAF785FDA546ADE76B68D3
:109F30001A68936843F480439360236898F8192063
:109F400023F0787343EA42532360236898F81A2079
:109F500023F4F81343EA0243236098F81B301BB143
:109F6000A36843F40043A36098F81C301BB1236836
:109F700043F000532360236843F001032360E36947
:109F80009A02FCD5E3695B02FCD5736A28469847C0
:109F900000241DE7044B0108380A00205B820108F9
:109FA000B9850108D985010800380140F485010808
:109FB0000300000110B54FF0E0230F499C691A69B6
:109FC00008689B690D4902F4803234B993B903469D
:109FD0004AB90A681044C01A10BD002B08BF0346D6
:109FE0000AB9A342F5D90A6802440A604FF0E02298
:109FF0001269EEE70446F3E7142200201022002045
:10A000000A4B102283F82320094B44F268221A607D
:10A01000084B002018604FF0E02344F267225A6199
:10A0200098611A6942F007021A61704700ED00E07A
:10A030001422002010220020684620F007018D46DF
:10A0400019B5FFF7B7FF114B1149D3E90042086872
:10A05000001942F10002C3E900020E4A00230B601E
:10A06000D2E9004144F26823001BB0FBF3F0434304
:10A070001B1941F10001C2E9003101F0A1FCFDF71B
:10A08000DFFCBDE819408546704700BFD8190020A5
:10A0900010220020D01900202DE9F041DFF8DC80EB
:10A0A00099B1421C0BD14FF0E022136923F0010358
:10A0B00013614FF07F43C8F80030BDE8F081D8F855
:10A0C0000060012807DC00270BE0431CD8F8006083
:10A0D000F7D140F2D93040F2DA339842A8BF18469F
:10A0E000471EEFF31185102383F31288BFF36F8FA0
:10A0F000FFF760FF224C4FF0E0239969D4E9002379
:10A10000801843F10003C4E900031E4B00221A60CB
:10A110001D4B1A68831A2ED444F2682C0CFB0733AB
:10A1200003F584436733B3FBFCF7131A0CFB0733C7
:10A1300040F22642934238BF1346144A934228BF46
:10A1400013464FF0E022C8F80030013B906953619C
:10A15000002393618142A1EB0003D4E9001238BFD0
:10A160009B195B1842F10002C4E9003285F31188A3
:10A17000BFF36F8FA1E740F22643E2E714220020ED
:10A18000D819002010220020D01900202882FF00BA
:10A1900038B5EFF31185102383F31288BFF36F8F67
:10A1A000084B1C68084B1B68E41AFFF703FF85F394
:10A1B0001188BFF36F8F44F268232044B0FBF3F0A3
:10A1C00038BD00BFD8190020D019002038B5EFF3F2
:10A1D0001185102383F31288BFF36F8F044B1C6823
:10A1E000FFF7E8FE85F31188BFF36F8F204438BD79
:10A1F000D8190020174B9A6802F00C02042A23D0C9
:10A200009A6802F00C02082A20D09A6802F00C0228
:10A210000C2A1DD1D968DA68D868DB6801F003011F
:10A22000C3F341630329C2F30312C0F3062003F111
:10A2300001030CBF084909495B000132B1FBF2F28E
:10A240005043B0FBF3F07047044870470248704732
:10A25000002070470010024000366E010024F40018
:10A26000294A1368D2F8802012F4807F03F4C06377
:10A27000264A00F1FF3124D1914242D8B3F5007F44
:10A280002FD1234B984234D8224B984233D8224BBB
:10A29000984234D8214B984294BF00200120204A94
:10A2A000136823F00F0303431360136803F00F03D5
:10A2B00098421CBF136803F00F03C01A18BF012097
:10A2C000704791421DD8B3F5007F0AD1154B9842D3
:10A2D0000FD8154B98420ED8144B98420FD8144BF8
:10A2E000D9E7B3F5806F08D1124B984207D8124BCB
:10A2F000D1E70420D3E70320D1E70020CFE70220F5
:10A30000CDE70120704700BF007000407FFE210AAA
:10A3100000321B088065140600990D0480CC0602EB
:10A3200000200240000E2707804A5D050087930346
:10A3300080C3C90100366E01001BB700024B0360E9
:10A340000248C01A40097047044B0108E44C010858
:10A35000014B9868B4307047801B002010B504464C
:10A36000FAF7C6F9054803685B0703D0044A0121E0
:10A3700007F028FF204609F0CBFF00BF1C0A002091
:10A380006F8601082DE9F047044600AF0D46EFF354
:10A390001189102383F31288BFF36F8FDFF8CC800D
:10A3A000334AD8F80030966859075BD0042898BF24
:10A3B000304B117C94BF53F820302F4BEA468AB0C3
:10A3C0006A462E48C2E9073140F2013393842C4B90
:10A3D000C2E9050442F8103F244800234FF43151EC
:10A3E000FAF728FBD54665B1EB69D8F80020C3F32E
:10A3F000080333B152071ED0224A1C48012107F03E
:10A40000E1FED8F800305B0715D016BB1E48E846C1
:10A410008AB06A461D4BD061C2E9053640F201336D
:10A4200013841B4B42F8103F104800234FF4115186
:10A43000FAF700FBC54629462046FFF78FFF89F350
:10A440001188BFF36F8F3046FDF7DAFDBD46BDE8DA
:10A45000F08730460AF035F80028D7D00378002B73
:10A46000D4D0D4E7002DBFD1E5E700BF1C0A0020FF
:10A47000801B00207C5E01087E860108948601080E
:10A4800005000001BC8601088C860108DD860108F4
:10A490000400000138B50A4B53F82040013053F84E
:10A4A0002050A54200D838BD606830B1037EDB077C
:10A4B00001D409F001FF0834F3E723689847FAE76D
:10A4C000905E010870B52A4B2A4C2B4D012286B0B4
:10A4D00003201A70FFF7DEFF01F096FC0420FFF75F
:10A4E000D9FF2646AE4204F1300410D300F016FF27
:10A4F000204C224EAC4226D300F024FFF8F7DCFBC0
:10A500001F4A137B23F00103137306B070BD54F888
:10A510000C3C059354F8103C049354F8143C0393FA
:10A5200054F8183C029354F81C3C019354F8203C16
:10A53000009354E90A2354E90C0100F00FFC54F88D
:10A54000303C5E66CDE7D4E90A23B3F1FF3F08BF94
:10A55000B2F1FF3F05D052EA0301206803D100F0B9
:10A56000ADFF3034C6E73146183001F099F9F8E70D
:10A570008E22002018500108A850010855460108F5
:10A58000B01A00202DE9F0411B4E1C4F1C4986B02B
:10A59000D02303FB00661B4B05934FF001080F23EC
:10A5A0001C2505FB00750446CDE903384FF4C07047
:10A5B0000023CDE9013300FB0411134B00954FF448
:10A5C000A072304600F0CAFB737B104AEE6023F0A5
:10A5D000040373734FF4046304FB033313446B608D
:10A5E000E31C07EB031307EB04172C74AB6187F82C
:10A5F000388006B0BDE8F081E0190020801B002003
:10A60000404300203F870108ED430108003B002044
:10A61000BFB50020FFF73EFF2B4B83F308882B4C80
:10A620002B4F636943F4007363610025F02384F8C2
:10A630002230E57725766576A57684F82050636A22
:10A6400043F4E0236362FDF7A3FCFDF7D9FD4FF06F
:10A65000FF33A362E362FDF7D9FEFDF719FEF9F7B8
:10A660008DFF1C481C4C00F02DFCF9F72BFE01203F
:10A67000FFF710FF0220FFF70DFFFDF7FBFFFEF7CE
:10A6800005F800F093FE154B1549DC61154B059359
:10A690000123CDE903534FF400623B46CDE9015558
:10A6A0000095204600F05AFB627B064622F0040229
:10A6B0002046627309F08BFF2846FFF763FF3A4696
:10A6C00031462046FDF77EFD4043002000ED00E0CE
:10A6D000C5A40008C01B0020B01A0020801B002069
:10A6E000C04400203567010838B5064C064DAC4221
:10A6F00001D3002038BDD4E90112204609F052FEF2
:10A700001434F4E73C0A0020640A00201FB5054C0D
:10A710000294CDE900230A46002109F001FE04B0AD
:10A7200010BD00BFF11701082DE9F341044617469B
:10A730001E46EFF31188102383F31288BFF36F8F47
:10A74000C368334A7BB180689168884219D057EA60
:10A75000060318D188F31188BFF36F8F6FF00F00D5
:10A7600002B0BDE8F081916891F90E1021610133CA
:10A77000E3609368A36088F31188BFF36F8F0020B4
:10A78000EEE72169F2E791F90E1090F90E30994247
:10A79000A8BF19466FF07E029142B8BF11468B42A6
:10A7A0002DDD09F02EFE0546CDE90076194822463A
:10A7B000414600F0DBFC0028E1D0EFF311861023C6
:10A7C00083F31288BFF36F8FA068D0B1236821692B
:10A7D0009C420AD04BB193F90E309942A8BF19465A
:10A7E0006FF07E039942B8BF194609F00AFE40B1E6
:10A7F0000848314600F04EFD6FF00A00B0E7002532
:10A80000D2E7002DF4D186F31188BFF36F8FF3E701
:10A81000801B00208F220020F8B583680546002B9E
:10A8200040D0234A926893423FD1C368012B03D999
:10A83000013BC3600020F8BDEFF31187102383F3C1
:10A840001288BFF36F8F0169806809F0DAFD2C6808
:10A85000AC4207D10023C5E9023387F31188BFF367
:10A860006F8FE7E7002CF5D0D4E9003213605A600F
:10A87000637B002623F002036373C4E90066A660CD
:10A8800004F1180009F097FFAC6094F90E302B61C9
:10A890002046C4F8CC6009F09AFE0648394600F01C
:10A8A000F9FCC7E76FF01500C5E74FF0FF30C2E7CE
:10A8B000801B00208F22002070B5EFF3118610233B
:10A8C00083F31288BFF36F8F0468A0421BD0D4B10A
:10A8D000D4E9003213605A60637B002523F0020341
:10A8E0006373C4E90055A56004F1180009F063FF23
:10A8F0002046C4F8CC5009F06AFE31460748BDE84E
:10A90000704000F0C7BCD0E902329A4218BF013350
:10A91000836086F31188BFF36F8F70BD8F22002094
:10A9200013B5EFF31181102484F31288BFF36F8FF6
:10A93000846844B1013C846081F31188BFF36F8F58
:10A94000002002B010BD52EA030406D181F3118841
:10A95000BFF36F8F6FF00F00F3E7CDE900230246DE
:10A96000014800F003FCECE78F2200202DE9FF41B5
:10A970004F4E04461027EFF3118887F31288BFF378
:10A980006F8FD4F8D450F5B9022104F1EC0009F02E
:10A9900053FD002868D004F1E40500220121284677
:10A9A00009F0ADFE0028F8D1002302934FF0FF32EA
:10A9B0004FF0FF33CDE90023414604F1DC023D486E
:10A9C00000F048FED7E7D4F8D8202B68C4F8D4307C
:10A9D000954208BFC4F8D830D4F8EC3043F00203F5
:10A9E000C4F8EC30EB6823F0040343F00103EB60A0
:10A9F0006B6888F31188BFF36F8F28469847EFF391
:10AA0000118887F31288BFF36F8FEB68D80623F0A5
:10AA1000010236D4EA60EB689A0716D5306823F055
:10AA20000203EB6088B10368002170B1426895426F
:10AA300035D1036869BB72683360824200D17360AC
:10AA4000002340F8083BFFF737FFD4F8EC3023F041
:10AA50000203C4F8EC3088F31188BFF36F8FDB0575
:10AA600089D400F0ABFC86E7D4F8EC30D9069BD54E
:10AA7000C4F8EC0088F31188BFF36F8F04B0BDE811
:10AA8000F08123F01103EB6005F11000FFF714FFD4
:10AA9000C1E70B607368834208BF7160D0E723B1E0
:10AAA0001A68014618461346BFE71A46F9E700BF81
:10AAB000182200208F220020F8B5C3689A070446A8
:10AAC0000F46C3F340062ED45B071CD40B680BB9AA
:10AAD00083680B60E368DD0744BFA3683B603D68A3
:10AAE0004CBF02260126002D3CD0204B9A68D5F899
:10AAF000D0309A420AD0D5F8EC30D807C3F38002A0
:10AB000014D46FF0120600233B6025E009F0D3FC5B
:10AB1000D5F8EC300028F0D1D907C3F3C002F0D546
:10AB200052B15B0708D46FF00F06ECE7002AFAD1A8
:10AB3000C3F3C003002BF6D100232360D5F8D8302F
:10AB400063B9C5E93544284609F090FCE36843F051
:10AB50000403E3603B68A3603046F8BD1C60C5F8A1
:10AB6000D840F0E76FF01506CDE700BF801B00204E
:10AB7000F0B589B004460020C4E935000E9D04F10B
:10AB8000DC00C4E9370004F1E400C4E9390055B33E
:10AB90002879002840F2011008BF0120C4F8EC0019
:10ABA00000204FF0FF364FF0FF37CDE90330CDE9FD
:10ABB0000100CDE906670D4B0094204600F050F9E6
:10ABC00055B1296811B1204600F076F86B791BB1B8
:10ABD000237B43F001032373204600F06FFCC4F88D
:10ABE000D04009B0F0BD0120D8E700BF6DA9000832
:10ABF00037B501900846EFF31184102181F31288D4
:10AC0000BFF36F8FC16811F01E0F16D153EA020512
:10AC100008D101A9FFF750FF84F31188BFF36F8FAC
:10AC200003B030BD41F00801C1600199816204495F
:10AC3000103000F035FE0120EEE70020ECE700BF09
:10AC40007B44010801460148FFF7D2BFB01C002039
:10AC5000F7B50C46019016461D46EFF311871023F9
:10AC600083F31288BFF36F8F084609F0F0FB55EAB3
:10AC7000060309D101A92046FFF71EFF87F31188BB
:10AC8000BFF36F8F03B0F0BDE368074943F00803DB
:10AC9000E360019BA36232462B4604F1100000F0F2
:10ACA000FFFD0120EAE700BF7B440108014601489F
:10ACB000FFF7CEBFB01C002010B5044608B9054B05
:10ACC0009C681F2204F1940001F0D4FE002084F857
:10ACD000B30010BD801B00202DE9F84F0C46A1B336
:10ACE0009AB390F80D90DFF86880571E0846B9F1C6
:10ACF000000F25D0DFF85CA00025B8F804B019EAF1
:10AD00000B0F19D0B8F80630D8F800107E1B9E4201
:10AD100028BF1E463246F5F7A3FC2E4439EA0B093C
:10AD200004EB06000CD0BD1B012D28BF01252A46CF
:10AD30005146F5F795FC354408F108086019DCE741
:10AD4000002303702046BDE8F88F0348FBE700BFEF
:10AD5000A85E010847870108E46B01082DE9F04F60
:10AD6000D51D85B025F00705044698467F3500F1CE
:10AD70006803C0E91A3325F03F05129B23730020B6
:10AD8000119BA3730E463F2D4FF00401DDE90EBA6F
:10AD9000C4E90600DDF84C90A0606173E07306F131
:10ADA0004003A5F1400705D880F31188BFF36F8FEA
:10ADB000084602DF3A46AA21184601F09FFC109B84
:10ADC000C4E92E0735440027C4F8C0702A46CDE9EF
:10ADD00001A3CDF800B0434631462046FDF7BEF949
:10ADE000109B6766C4E9208B84F87C70C4F888A047
:10ADF000C4F88C30EFF31183102282F31288BFF372
:10AE00006F8F164EB26AC4F89020B46283F3118833
:10AE1000BFF36F8FB9F1000F0FD01F22494604F125
:10AE2000940001F027FE84F8B370B36843B9C4F806
:10AE3000C430284605B0BDE8F08F84F89490F4E75C
:10AE4000D3F8C430C4F8C4301022002104F130001B
:10AE500001F054FC012384F83830EAE7801B00201D
:10AE6000F0B587B000250595109D04950F9D0395BD
:10AE70000E9D0295DDE912760D9D01950C9D0095C4
:10AE80000446FFF76BFFB6F1FF3F08BFB7F1FF3F86
:10AE900005D056EA070305D1204600F00FFB2046F7
:10AEA00007B0F0BD3A46334604F11800014900F0FE
:10AEB000F7FCF4E755460108014B986800F0E8BE3E
:10AEC000801B002040F2011310B583810023C0E9EC
:10AED0002E33044600F092FF014B9C6010BD00BF72
:10AEE000801B00200A4A93686FF00A01C3F8CC1057
:10AEF0000849C3F8C8004B6843F080534B600023F7
:10AF000083F31188BFF36F8F9368D3F8CC00704739
:10AF1000801B002000ED00E070B590F90D20437B10
:10AF2000002A36DBD90634D11B4C63F07F0322465E
:10AF3000437352F8203F616A934207D1C0E9002170
:10AF40000860606211E09942F8D01B68002BF5D0D0
:10AF500090F90E5093F90E60B542F4D0AE42F2DD96
:10AF60005968C0E9003108605860256A954200D0F0
:10AF700005B9E568A3685A7BD20604D1DA897F2A2D
:10AF800001D9AA6932B1AB4202D0284600F0A2FB37
:10AF9000E56170BDE361FCE7801B002038B590F9E6
:10AFA0000D20437B002A014604DA03F07F0343733C
:10AFB00009F0D3FA0D4D2A46AB6852F8204F94425F
:10AFC00000D004B9EC688B4207D05A7BD20604D17A
:10AFD000DA897F2A01D9A2692AB1A34202D0204688
:10AFE00000F078FB2346EB6138BD00BF801B0020DA
:10AFF000B3F1FF3F08BFB2F1FF3F03D00249183061
:10B0000000F04EBC704700BF5546010838B5194CDA
:10B01000A168606A0B68814214BF1A460022496821
:10B020000B605960A368616A2AB9134AC3E9002119
:10B030000B6063620CE093F90E0092F90E50A84287
:10B0400014D0854212DD5168C3E900210B605360C2
:10B05000256A094B9D4200D005B9E568A3689D4269
:10B0600002D0284600F036FBE56138BD9142DCD0C5
:10B070001268D9E7801B0020A01B0020F8B5394CCE
:10B08000A2688242074624D1EFF305830BBBEFF39E
:10B090001186102383F31288BFF36F8F537B03F065
:10B0A0007F0343F01003537309F057FA234653F814
:10B0B000205F9D4200D005B9E568A3689D4202D09B
:10B0C000284600F007FBE5613046BDE8F840FFF791
:10B0D00009BFEFF31185102383F31288BFF36F8F3D
:10B0E0007B7BD90604D585F31188BFF36F8FF8BD3C
:10B0F000D90943F0100219D17A73266A1A4B9E427D
:10B1000000D006B9E668A368B34202D0304600F02A
:10B11000E1FAA368E6619F42E5D1EFF30583002BD6
:10B12000E1D13A7BD2070AD42846CEE703F07F0369
:10B1300043F010037B73384609F00FFADDE785F31F
:10B140001188BFF36F8F83F31188BFF36F8F0423D0
:10B15000184602DFEFF31180102383F31288BFF348
:10B160006F8FB2E7801B0020A01B0020F8B50E4BAC
:10B170000C4611460D4A98681060DDE90667EFF34A
:10B180001182102282F31288BFF36F8F9D682846C8
:10B1900009F0F5F9284632463B46FFF729FF2046DD
:10B1A000BDE8F840FFF79EBE801B00202022002053
:10B1B000F8B50446EFF31187102383F31288BFF329
:10B1C0006F8F437B03F01F02002A0CBF012600266D
:10B1D00049B239D103F07F03437309F0BEF92C4D16
:10B1E000437B817363F07F032A46437352F8203F09
:10B1F000934227D1686AC4E9002004606C620FE0C2
:10B200009842F8D01B68002BF5D093F90EC0614529
:10B21000F6D08C45F4DD5968C4E900310C605C60FF
:10B220002C6A944200D004B9EC68AB689C4202D00E
:10B23000204600F04FFAEC6187F31188BFF36F8F5F
:10B240003046F8BD686ADEE79B071ED5856809F0C1
:10B2500084F981732B689D4209D16B68C4E900535E
:10B260001C606C60E8E76A689342F6D01B68002BAC
:10B27000F3D093F90E209142F5D08A42F3DD5A685B
:10B28000C4E9003214605C60D6E78173D4E700BF84
:10B29000801B002049B9EFF3058030B9054BDA690E
:10B2A0009B689A4201D0FFF71DBE81F31188BFF35E
:10B2B0006F8F7047801B002010B5EFF311841022B0
:10B2C00082F31288BFF36F8F427BD10604D484F3DC
:10B2D0001188BFF36F8F10BD22F010024273FFF789
:10B2E0001BFE21460248BDE81040FFF7D3BF00BF58
:10B2F0008F220020034648B9EFF3058232B9064A8F
:10B30000D1699268914201D0FFF7ECBD83F31188B7
:10B31000BFF36F8F704700BF801B0020EFF31181D8
:10B32000102383F31288BFF36F8F054B9A68D37B8A
:10B33000013BD37381F31188BFF36F8F704700BF58
:10B34000801B002070B5EFF31186102383F3128861
:10B35000BFF36F8F144DAB68DA7B0132DA732A4684
:10B3600052F8204F944200D004B9EC685A7BD206C0
:10B3700004D1DA897F2A01D9A2692AB1A34202D075
:10B38000204600F0A7F92346EB6186F31188BFF34E
:10B390006F8FEFF31180102383F31288BFF36F8F49
:10B3A000BDE87040FFF7A6BF801B0020024B03F1F1
:10B3B0002002C3E908227047801B002070B5EFF31C
:10B3C0001186102383F31288BFF36F8F1B4CA16883
:10B3D000606A0B68814214BF1A46002249680B60FC
:10B3E0005960A368616A2AB9154AC3E900210B6054
:10B3F00063620CE093F90E0092F90E50A84218D047
:10B40000854216DD5168C3E900210B605360256A4F
:10B410000B4B9D4200D005B9E568A3689D4202D060
:10B42000284600F057F9E5613046BDE87040FFF767
:10B4300059BD8A42D8D01268D5E700BF801B0020D2
:10B44000A01B0020F8B550EA010306460C4603D1C4
:10B45000FFF7B4FF0020F8BDEFF31187102383F34B
:10B460001288BFF36F8F124D124BA8681860FFF758
:10B4700095FDA868104923463246183000F010FAAE
:10B48000AA68537B43F00403537304463846FFF71E
:10B4900029FDAB68D3E90A23B3F1004F08BF002AA6
:10B4A000D8D109F0B0F9201A20EAE070D3E700BF44
:10B4B000801B0020202200205546010838B5044694
:10B4C000EFF31185102383F31288BFF36F8F437B53
:10B4D0005B070FD5183009F06EF9637B23F0040386
:10B4E00020466373FFF718FD29460548BDE838403C
:10B4F000FFF7D0BE85F31188BFF36F8F38BD00BF53
:10B500008F220020014B9868704700BF801B0020ED
:10B510002DE9F8430446077BEFF31185102383F3ED
:10B520001288BFF36F8F437B190705D585F3118808
:10B53000BFF36F8FBDE8F883D90943F0080260D1EB
:10B540004273A36813B1204609F00FF804F1180004
:10B5500009F031F9A66E04F16808B04511D04FF03A
:10B56000000976B1304609F000F806F1180009F03C
:10B5700022F9C6F8CC903046FFF7CEFCA66EB04557
:10B58000EFD1DFF8C480D8F808309C4241D1EFF306
:10B590000589B9F1000918BF4FF00109D8F82060FA
:10B5A0002A4A964200D00EB9D8F80C60B34202D0B5
:10B5B000304600F08FF82046C8F81C6007F074FF92
:10B5C000204600F0DDF8B9F1000F02D02048FFF767
:10B5D00079FCD8F808309C4231D1EFF3058373BB76
:10B5E000227BD20718D42846FFF77CFCFB07A1D5A5
:10B5F000002383F31188BFF36F8F0423184602DF03
:10B6000098E703F07F0343F00803437308F0A5FFB6
:10B6100097E74FF00009C1E785F31188BFF36F8FFB
:10B6200083F31188BFF36F8F0423184602DFEFF313
:10B630001180102383F31288BFF36F8FD4E785F353
:10B640001188BFF36F8FD1E7801B0020A01B002063
:10B65000C01B0020D3B5DDE90667089CCDE9006773
:10B66000FFF784FD1CB1034B9B681B69236002B08C
:10B67000D0BD00BF801B0020044BC01A044BC0107B
:10B680005843044B01221A54704700BF901C0020FD
:10B69000ABAAAAAA8F220020C3897F2B12D80A4BFB
:10B6A0001B6863B1094B90F90E201B689A4209DBB5
:10B6B000437BDB0606D1064BC31A18BF012303F0F8
:10B6C000010070470023FAE70C0800202422002024
:10B6D000E019002070B50E4B0E4C1E7C06EB4603A5
:10B6E00004EBC3040546204609F065F80A4B002226
:10B6F00028469A55FFF7D0FF48B1084B08491A6809
:10B70000013A2046D317BDE8704000F0C9B870BDBB
:10B71000801B0020901C00208F2200200C0800209D
:10B7200079B6000838B5EFF31185102383F312883A
:10B73000BFF36F8F0F4B104A9C681068A04206D170
:10B74000FFF7C8FF85F31188BFF36F8F38BD002165
:10B750001B7C1160094AD35C002BF3D02046FFF715
:10B760009BFF0028EED0637BDB0601D1FFF74EFC88
:10B770002046E5E7801B0020202200208F220020A9
:10B78000EFF31181102383F31288BFF36F8F0C4AFC
:10B79000936A834208D1D3F89030936281F3118881
:10B7A000BFF36F8F70471346002BF7D0D3F890206C
:10B7B0008242F8D1D0F89020C3F89020EEE700BF85
:10B7C000801B0020F8B505460E46EFF311871023C5
:10B7D00083F31288BFF36F8F064B9C6A24B987F3FB
:10B7E0001188BFF36F8FF8BD20463146A847D4F8C3
:10B7F0009040F3E7801B0020F8B506460F46EFF3B4
:10B800001183102282F31288BFF36F8F0C498C6A68
:10B81000154624B983F31188BFF36F8FF8BD83F306
:10B820001188BFF36F8F39462046B047EFF311837D
:10B8300085F31288BFF36F8FD4F89040E9E700BF1B
:10B84000801B0020024B1868984208BF00207047F8
:10B8500010080020034B1B680BB9FEF799BC0020B1
:10B86000704700BF2822002030B570B10B4B5B68D9
:10B8700098420AD0036843B1D3E90421D0E90445D2
:10B88000121941EB0501C3E90421D0E9003213602C
:10B890005A600023C0E9003330BD00BF100800200B
:10B8A000B3F1FF3F08BFB2F1FF3F2DE9F84F044667
:10B8B000994615461F467AD08160EFF31188102310
:10B8C00083F31288BFF36F8FB9F1000FDFF8E4A0A4
:10B8D00020DBFFF7BFFFDAE90027013549F1000956
:10B8E0002D1849EBE073C4E90453AD18064643EB49
:10B8F00007074FF00109FFF7A5FFDFF8BCE0DEF80E
:10B9000004A00346EBB9C4E900EACAF80040CEF847
:10B91000044028E0DAE900126FF001035B1A4FF0EF
:10B92000FF3161EB02025B1B62EB0902012B72F13A
:10B930000001BCBF01230022C0E904324FF000091E
:10B94000D9E7D3E9041CD4E904208A4270EB0C0B3C
:10B9500024DA891A5A686CEB0000C3E90410C4E9C0
:10B96000003214605C60FFF76DFF84420ED1134B10
:10B970001B685BB9B9F1000F02D1FFF76BFF0646F8
:10B98000304608F001FF0021FEF786FB88F311889E
:10B99000BFF36F8F28463946BDE8F88F521A60EB27
:10B9A0000C009A45C4E90420ADD01B68AAE7002525
:10B9B0002F46EFE7A81C00201008002028220020B6
:10B9C0002DE9F047EFF31185102383F31288BFF3BD
:10B9D0006F8FDFF8A490DFF8A480C9F80000FFF7AC
:10B9E00031FF00260027D9F80030D8E900ECD9173C
:10B9F00050B1D0E90442A34271EB020A1CDAE41A06
:10BA000062EB0102C0E9044213EB0E034FF00004A5
:10BA10004CEB01012046C8E90031C9F8004008F0AC
:10BA2000B3FE2146FEF738FB85F31188BFF36F8F15
:10BA3000BDE8F047FFF776BE14EB0E024CEBE47363
:10BA4000C0E90467C8E90023FFF70EFF85F31188FA
:10BA5000BFF36F8F83689847EFF31185102383F34B
:10BA60001288BFF36F8FD9F800301B1BC9F8003064
:10BA7000FFF7E8FEB7E700BF28220020A81C00203F
:10BA800010B5EFF31184102383F31288BFF36F8F87
:10BA9000FFF7E0FE054A0346D2E90001181841EB22
:10BAA000E37184F31188BFF36F8F10BDA81C0020D1
:10BAB000F8B50646EFF31187102383F31288BFF31E
:10BAC0006F8F026822B187F31188BFF36F8FF8BDC3
:10BAD000D0E90A54691C44F10003022973F1000300
:10BAE00034D3013D44F1FF34002CBCBF15462C4635
:10BAF00008F08DFE013041F10001401944EB0101D5
:10BB0000012871F100014ADB08F081FE013041F1AA
:10BB100000016FF00203401944EB010183426FF012
:10BB200000438B4140DB08F072FE013041F100011F
:10BB30006FF00102401944EB01044FF0FF33121A79
:10BB400063EB04031A493046FFF7AAFE336B013357
:10BB50003363336A6BB187F31188BFF36F8F336A36
:10BB600030469847EFF31187102383F31288BFF311
:10BB70006F8F334653F8184F9C42A4D0002CA2D0AC
:10BB8000204608F033FD0023C4F8CC3087F3118839
:10BB9000BFF36F8F2046BDE8F84008F018BD6FF086
:10BBA00001024FF0FF33CDE700224FF00043C9E719
:10BBB000B1BA00082DE9F04105461C4690461F46E3
:10BBC000EFF31186102383F31288BFF36F8FB4F164
:10BBD000FF3F08BFB2F1FF3F05D186F31188BFF3E5
:10BBE0006F8FBDE8F081002C09DB012A74F100039E
:10BBF000BCBF0122002412F1FF3844F1FF37284670
:10BC000008F0D9FDDDE906010023C5E90A012B632F
:10BC100042463B4628460249FFF742FEDDE700BFA9
:10BC2000B1BA00082DE9F04385B04FF00009054690
:10BC3000CDF8049000F10C07EFF31188102383F383
:10BC40001288BFF36F8F8368594003EA02060A40E7
:10BC500053400E4901AACDE9023908F073FD019C59
:10BC60003CB1C4F8CC9020460021246F08F0CFFCF2
:10BC7000F6E7DDE9023223EA02033846AB604146CB
:10BC8000FFF708FB304605B0BDE8F08375490108B1
:10BC900008B508F0ACFE014B586108BD801B0020C0
:10BCA00070B5EFF31185102383F31288BFF36F8F04
:10BCB0000D4C666986B108F09AFEA36893F83820A7
:10BCC000811B32B1D3E90C20521840F10000C3E9C6
:10BCD0000C20054808F07BFE0023636185F3118882
:10BCE000BFF36F8F70BD00BF801B00202DE9F041B6
:10BCF00005460C46EFF31187102383F31288BFF338
:10BD00006F8FC0EBC0039B001A4E1AD108F06FFE74
:10BD10001C2303FB0563804659699B6893F8382010
:10BD2000411A32B1D3E90C20521840F10000C3E9A6
:10BD30000C20104808F04BFE1C2303FB0563C3F8DE
:10BD400014801C2303FB0566B269D2E90032C4E902
:10BD50000232F068D0E90C105B1842EB0002C4E933
:10BD60000410C4E9003287F31188BFF36F8FBDE878
:10BD7000F08100BF801B00202DE9F04104460D46F4
:10BD8000EFF31187102383F31288BFF36F8FDFF86F
:10BD90005480D8F80830834214D108F028FED8F82F
:10BDA000141094F838300646411A33B1D4E90C32F5
:10BDB0005B1842F10002C4E90C320A4808F007FEA1
:10BDC000C8F81460D4E90C23C5E90023C5E90223AF
:10BDD00000220023C5E9042387F31188BFF36F8F86
:10BDE000BDE8F081801B00200246024B0248002182
:10BDF00008F004BEF11701083C0A0020014BC0F80E
:10BE0000C43070473C0A0020014805F0CBBD00BF9C
:10BE10008287010807B5074B0093074907484FF091
:10BE2000FF334FF48062FEF7A3FE002003B05DF8FD
:10BE300004FB00BFE85E0108004D0020B01C00209C
:10BE4000F8B5604A0C460023D0E90001F5F7BAFBCB
:10BE5000002AC0F2AD8000F52F2000F66C205A4970
:10BE6000A1FB0251C90A4FF4616303FB1122574B36
:10BE7000A160A3FB02135B096360C3EB0313A2EB96
:10BE80008302534B2260C11C83FB013C8C44CB17C3
:10BE9000C3EBAC03C3EBC303CB1A7CD40028A36170
:10BEA0007BDB4C4BC11783FB0023C1EBE3314A4BD7
:10BEB0004A4A03FB01008308A2FB0352484D00EBF2
:10BEC000D222A5FB0363474EA2EBD3120309A6FBC4
:10BED0000363A2EB1312444BA3FB0263D61A03EBDA
:10BEE000560C9308A5FB0353404D4FEA1C22A5FBBB
:10BEF0000265DB09C3EB5513034440F26D1000FBF0
:10BF0000123303EB830E3A480EF1020EA0FB0E0C27
:10BF10004FEADC1C40F2F9550CEBCC00AE4500EBCF
:10BF20000010344D00F10200A5FB00504FF4C8761C
:10BF30008CBF6FF00905022506FB01216544012D28
:10BF400098BF01315E1CB3F5997FA6EB90000BD32F
:10BF5000A3F59973A1F26C71E3610023E060C4E979
:10BF6000045123622046F8BD96070BD0224E06FBF3
:10BF700002F2224EB6EB321F2CBF012200223B33CD
:10BF80001344E7E71C4E1E4F02FB06F6B7EBB60F55
:10BF9000ECD20122F3E70733A3610E4BA0F50E317B
:10BFA000A1F52C7183FB0123C917C1EBE3317EE7B7
:10BFB00002F5A83200F52F2002F5C07200F66B20C2
:10BFC0004DE700BF80510100C5B3A29189888888E0
:10BFD00093244992BD066B394FC5FDFF7F206B3915
:10BFE000D97CC65941D6720061F319671F85EB51A0
:10BFF000D7802BD6CDCCCCCC295C8FC20AD7A3005E
:10C00000285C8F02024B0146186800F00BB800BF95
:10C0100020080020024B0146186802F089BF00BFCB
:10C02000200800202DE9F04F01F10B05162D83B0FB
:10C03000064624D8102900F2B08000F0B1FB10258C
:10C0400018224FF0020CBC4F3A44A2F10803546886
:10C050009C4200F00B816368E268A16823F003034F
:10C060002344CA6091605A6842F0010230465A6027
:10C07000083400F09BFB204603B0BDE8F08F35F09C
:10C08000070500F18A80A94200F2878000F088FB52
:10C09000B5F5FC7FC0F058816B0A00F08280042B5C
:10C0A00000F20B81AB0903F1390C03F138044FEABC
:10C0B000CC03A14F3B44A3F108005B68984206D132
:10C0C0000CE0002980F2C080DB68984206D05A68F4
:10C0D00022F00302511B0F29F3DDA446DFF85C8236
:10C0E0003C69444500F09D80636823F00309A9EB97
:10C0F00005030F2B00F32D81002BC7E9048880F284
:10C100000E81B9F5007FD7F804E080F0B6804FEAE1
:10C11000D90101314FEA5919012303FA09F357F8FC
:10C120003120A2604EEA030E07EBC103083BE36037
:10C13000C7F804E047F83140D4604FEAAC0301206F
:10C140009840704533D810EA0E0F07D12CF0030C3D
:10C15000400010EA0E0F0CF1040CF9D007EBCC0AEA
:10C160005346E146D9680EE04A6822F00302A2EB8A
:10C17000050EBEF10F0F0C46C96800F3AC80BEF18E
:10C18000000F80F2BF808B42EED109F1010919F056
:10C19000030F03F10803E5D123E10C2333600024EE
:10C1A00069E74FF400734FF0400C3F2481E7BC680F
:10C1B000636823F00308A84503D3A8EB05030F2BFE
:10C1C00032DC5F4B1A685F4B196801312A4404EB7B
:10C1D000080A00F06B8102F580520F3222F47F6270
:10C1E00022F00F0211463046009200F0E5FAB0F15D
:10C1F000FF3F009A534B814605D0824540F2C480F0
:10C20000BC4200F00481BC68626822F00302AA42CA
:10C21000A2EB050301D30F2B06DC304600F0C6FA73
:10C22000BDE7D7F804E088E7621943F0010345F061
:10C23000010565603046BA60536000F0B7FA083413
:10C24000204603B0BDE8F08FD3E902411A44E16013
:10C250008C60516841F001013046516003F10804DF
:10C2600000F0A4FA204603B0BDE8F08FD468A242E3
:10C270007FF4F1AE0CF1020C30E7B9F5206F4FEA14
:10C2800059227AD3142A00F22D8102F15C03DB00DB
:10C290005B32F918FB580839994203D108E19B68D1
:10C2A000994204D05A6822F003024A45F7D8D96867
:10C2B000C4E902318C60DC603FE7142B40F28580DA
:10C2C000542B00F218812B0B03F16F0C03F16E0459
:10C2D0004FEACC03EDE63046A668631945F0010548
:10C2E0006560F1608E604EF00101C7E90433C3F868
:10C2F0000880C3F80C80596044F802E000F056FA58
:10C300000834B8E622443046536843F001035360D2
:10C3100054F8083FD9608B6000F048FAABE6A144BE
:10C320003046D9F8043043F00103C9F8043008342A
:10C3300000F03CFA9FE600BFD8000020E00000209B
:10C340005C220020180800204FEAD50C05F10802F5
:10C3500079E6621943F0010145F001056560304658
:10C36000C7E90422C2F80880C2F80C80516044F882
:10C37000093000F01BFA08347DE64FEA991202F109
:10C380003903DB00383284E7DFF804B2DBF8001051
:10C390001144CBF80010084640D1C9F30B0CBCF196
:10C3A000000F3BD1D7F80890424442F00102C9F88F
:10C3B0000420784B1868884238BF1960764B18689B
:10C3C000884238BF19604C461FE703F15C0C03F14B
:10C3D0005B044FEACC036CE65AF80839534540F049
:10C3E000D5801CF0030F0CF1FF3CF5D17B6823EAEC
:10C3F00000037B60400098423FF6D9AE18B9D6E6FC
:10C40000400009F104091842FAD0CC46A6E6DFF84C
:10C4100080B1DBF800001044CBF80000196801314E
:10C420001BBFA9EB0A031B18C3F80090CBF8003020
:10C4300019F0070345D0C3F108018944C3F58051C1
:10C440004A440831891AC1F30B0A51463046019318
:10C45000009200F0B1F9421CDDE900237AD0A0EB94
:10C46000090000EB0A02DBF80030C7F8089042F040
:10C4700001020AEB0301BC42C9F80420CBF800100A
:10C4800097D0B8F10F0F41D96268A8F10C0323F0DF
:10C49000070302F001021A436260E21805200F2B25
:10C4A000506090604CD8D9F8042082E7103299E6A9
:10C4B0009210012000FA02F24EEA020EC7F804E0E0
:10C4C000F6E609EB02014942C1F30B0A5146304638
:10C4D0000193009200F070F9431CDDE90023BED106
:10C4E0009A46C0E7542A15D84FEA193202F16F0371
:10C4F000DB006E32CDE6B3F5AA7F15D8EB0B03F166
:10C50000780C03F177044FEACC03D2E50123C9F894
:10C51000043082E6B2F5AA7F23D84FEAD93202F17D
:10C520007803DB007732B4E640F25452934223D8CA
:10C53000AB0C03F17D0C03F17C044FEACC03B8E5AE
:10C5400004F10801304602F0F3FCD7F80890DBF85C
:10C550000010A8E7083B1A44A2EB09024FF0000ABA
:10C5600081E740F254539A420CD84FEA994202F1C3
:10C570007D03DB007C328CE64FF47E734FF07F0C42
:10C580007E2496E54FF47E737E2282E67B6831E757
:10C590002C2200205822002054220020032A70B5AB
:10C5A00011D940EA01039B071FD104460B4602E064
:10C5B000043A032A1DD91946204653F8045B54F85F
:10C5C000046BAE42F4D0541EB2B1421E013901E0F8
:10C5D000C3180CD012F801EF11F801CFE645A4EB17
:10C5E0000203F5D0AEEB0C0070BD541EEDE718460B
:10C5F00070BD20461946E6E7104670BD88420ED948
:10C600008B1883420BD900EB020C002A6ED06246D5
:10C6100013F801CD02F801CD9942F9D170470F2AE4
:10C620000FD8034602F1FF3C002A5FD00CF1010C49
:10C63000013B8C4411F8012B03F8012F6145F9D11E
:10C64000704740EA01039B0751D1A2F1100370B576
:10C6500001F1200C23F00F0501F1100E00F1100480
:10C66000AC441B095EF8105C44F8105C5EF80C5C8E
:10C6700044F80C5C5EF8085C44F8085C5EF8045C06
:10C6800044F8045C0EF1100EE64504F11004E9D103
:10C69000013312F00C0F01EB031102F00F0400EB59
:10C6A000031328D0043C24F003064FEA940C1E44E4
:10C6B0001C1F8E465EF8045B44F8045FB442F9D157
:10C6C0000CF1010402F0030203EB840301EB84018B
:10C6D00002F1FF3C4AB10CF1010C013B8C4411F812
:10C6E000012B03F8012F6145F9D170BD704702F1AC
:10C6F000FF3C03469AE72246EAE700BF830730B5CE
:10C7000047D0541E002A3ED0CAB2034601E0013C85
:10C7100039D303F8012B9D07F9D1032C2CD9CDB2C5
:10C7200005EB05250F2C05EB054535D9A4F11002C5
:10C7300022F00F0C03F1100EE6444FEA121C1A46C9
:10C74000156055609560D56010327245F8D10CF1D6
:10C75000010214F00C0F03EB021204F00F0C13D0C3
:10C76000ACF1040323F003030433134442F8045BE5
:10C770009A42FBD10CF003042CB1C9B21C4403F85B
:10C78000011B9C42FBD130BD64461346002CF4D102
:10C79000F9E703461446C0E71A46A446E0E700BF9F
:10C7A000014806F0D2BE00BF640A0020014806F02E
:10C7B000D2BE00BF640A002038B5074D00220446EF
:10C7C00008462A60FBF712FF431C00D038BD2B68D7
:10C7D000002BFBD0236038BD602200200CB410B5C4
:10C7E0001F4B00291C689CB035DB4FF40273ADF879
:10C7F0001430029006901FAB18D001394FF6FF722B
:10C8000004910791ADF8162002A91E9A01932046C3
:10C8100000F0A0FD421C01DA8B232360029B002262
:10C820001A701CB0BDE8104002B070474FF6FF729E
:10C8300004910791ADF8162002A91E9A0193204693
:10C8400000F088FD431C01DA8B2323601CB0BDE897
:10C85000104002B070478B2323604FF0FF30F5E7A4
:10C860002008002011F0FF01034600F0030239D038
:10C870008ABB026810B501EB012E4EEA0E4E8EEA1D
:10C880000204A2F1013323EA0203A4F1013222EAF5
:10C890000402134313F0803F0FD150F8044F84EA91
:10C8A0000E0CA4F10133ACF1013223EA040322EAB5
:10C8B0000C02134313F0803FEFD0037823B936E026
:10C8C00010F8013F002B32D09942F9D110BD8A42B5
:10C8D00028D09A0729D01A7818460133002AF6D1B1
:10C8E00010467047CAB90268A2F1013323EA020375
:10C8F00013F0803F08D150F8042FA2F1013323EA4E
:10C90000020313F0803FF6D003785BB110F8013FCB
:10C91000002BFBD17047990705D0184613F8012B5F
:10C92000002AF8D170471846DDE71846A1E71846F7
:10C9300010BD00BF80EA0102844612F0030F4FD100
:10C9400011F0030F32D14DF8044D11F0040F51F8DE
:10C95000043B0BD0A3F101329A4312F0803F04BF95
:10C960004CF8043B51F8043B16D100BF51F8044B7E
:10C97000A3F101329A4312F0803FA4F101320BD1AE
:10C980004CF8043BA24312F0803F04BF51F8043B33
:10C990004CF8044BEAD023460CF8013B13F0FF0F90
:10C9A0004FEA3323F8D15DF8044B704711F0010FC3
:10C9B00006D011F8012B0CF8012B002A08BF704794
:10C9C00011F0020FBFD031F8022B12F0FF0F16BF8B
:10C9D0002CF8022B8CF8002012F47F4FB3D1704753
:10C9E00011F8012B0CF8012B002AF9D1704700BF78
:10C9F000B2B340EA01039B0730B5844618D1032A3D
:10CA000016D904460B4606E0043A2BD01EF0803FB0
:10CA100028D1032A2AD92068194653F8045BA0F1CB
:10CA2000013EA842A4462EEA000E04F10404EBD015
:10CA30009CF800000C78844216D1012A12D0E646F8
:10CA400068B11EF8010F11F8014FA2EB0E03A042CE
:10CA500003F1FF3308D11CEB0303F1D1184630BDBD
:10CA600010467047002030BD001B30BDA44619465B
:10CA7000DEE700BF40EA01039B0710B501D1032A9E
:10CA800017D8844601F1FF3E07E01EF8011F03F8A6
:10CA9000011B541E29B19C4622466346002AF4D14C
:10CAA00010BD9444002CFBD003F8011B6345FBD15F
:10CAB00010BD8E468446DEF80040A4F1013323EA1F
:10CAC000040313F0803F71460EF1040EDAD1043AEC
:10CAD000032A4CF8044BEED87146D3E771B10346F4
:10CAE00000EB010C01E0634506D01A4601331178D2
:10CAF0000029F8D1101A7047181A70470846704775
:10CB00002DE9F04F012BADF2144D1C4681468B46AA
:10CB1000904640F240810127002539464FF0FF3012
:10CB20003B4605E01F1A1D4601216B189C420ED999
:10CB300008EB000218F80360525C9642F2D379D0F9
:10CB40000127284639463D446B189C42F0D801978E
:10CB50000127002539464FF0FF363B4605E09F1B75
:10CB60001D4601216B189C420ED908EB010218F8F2
:10CB700003C0925D6245F2D362D001272E4639464A
:10CB80003D446B189C42F0D8013600F1010A56452D
:10CB9000019B28BF3B46019328BFB24603AB0DF271
:10CBA0000C4243F8044F9A42FBD16CB1601E4044E2
:10CBB00008F1FF3212F8011FA31A013B04AD4344F0
:10CBC000824245F82130F5D1019B524608EB030122
:10CBD0004046FFF7E3FC002840F0858044F4006302
:10CBE00007460546ABEB040C0293661EAC4512D318
:10CBF00009EB050E04AA1EF8063052F823302BB3B9
:10CC000027B1019A93423CBF1346E31A1D44AC4539
:10CC10004FF00007ECD209EB0B000299FFF75EFF23
:10CC20008344ABEB040CAC45E2D200200DF2144D72
:10CC3000BDE8F08FB9420ABF6D180131012174E7D8
:10CC40008F4212BF0131ED1901218BE757453B4659
:10CC500038BF5346B34218D2591EEA1841444A44D9
:10CC6000009502E00133B3420ED212F8010B11F825
:10CC7000015F8542F6D09E42009D06D9CAF10102AD
:10CC80002A449D180027B1E7009D57450AF1FF335C
:10CC90007FD205EB0A024A4408EB0A010095CDF861
:10CCA0000CA002E09F4213D0534611F8015D12F828
:10CCB000010D854203F1FF3AF4D0009DDDF80CA090
:10CCC000013301379F4209D8019B1D44E71A8DE7C4
:10CCD00001379F42009DDDF80CA0F5D970460DF29A
:10CCE000144DBDE8F08FA4EB0A03534538BF5346FB
:10CCF0000133019344F400630025ABEB040C009373
:10CD0000661EAC4509D309EB050004AA835D52F801
:10CD100023306BB11D44AC45F5D209EB0B000099F3
:10CD2000FFF7DCFE8344ABEB040CAC45EBD27CE7B5
:10CD3000B24517D20AF1FF3105EB0A0241444A44D9
:10CD4000534602E00133B3420CD212F8017B11F8D2
:10CD500001EFBE45F6D0B34204D2CAF101022A4423
:10CD60009D18CEE7BAF1000F3FF460AF05EB0A0162
:10CD7000494408EB0A0202E043453FF457AF12F87A
:10CD800001ED11F8017DBE451346F5D0019B1D4410
:10CD9000C1E7534695E7012301934FF0000AFDE6F2
:10CDA0002DE9F0410D46097890B00446002954D091
:10CDB0006A78002A00F08280AB78002B51D0E878A6
:10CDC0002E68002800F081802B79002B56D0284651
:10CDD000F3F716FA064640F400712046FFF77EFE90
:10CDE00086425AD8FE2E00F28880801B27184022E7
:10CDF000711C6846FFF782FC7EB16A1E5FFA86FCF2
:10CE0000901912F8013F03F03F0340336B44A91A15
:10CE10006144904203F8401CF3D1013CA35D03F050
:10CE20003F0340336B4413F8403C1C44A74203D2F9
:10CE300038E04444A74235D314F806C00CF03F0C48
:10CE40000CF140030DEB030C2046324629461CF83A
:10CE5000408CFFF7A3FB0028EBD1204610B0BDE8C3
:10CE6000F081007842EA0142B8B140EA03439A42B5
:10CE7000214614F8010FF7D14C1EEEE7227862B17B
:10CE800031BA01E099421ED042EA0323204614F849
:10CE9000012F002AF6D1994215D00024204610B067
:10CEA000BDE8F081BB5DB819002BF6D04FF40061EE
:10CEB000FFF714FE0744A742AFD2EEE710B0BDE87B
:10CEC000F041FFF7CFBCC41EC7E7120442EA01627B
:10CED000217842EA03230029DFD0024601E000293D
:10CEE000DBD041EA0200B3EB002F25464FEA0022D7
:10CEF00014F8011FF3D1AC1EAFE7014633462A46B2
:10CF0000204610B0BDE8F041FFF7FABD242B2DE913
:10CF1000F84F43D8012B41D0804649481F468E46E2
:10CF200075461EF801BB10F80B4014F00804F7D149
:10CF3000BBF12D0F6FD0BBF12B0F08BF9EF800B0D7
:10CF40006FF0004908BF05F1020E73BBBBF1300F53
:10CF50004BD00A273B460025B9FBF7F6284607FBCE
:10CF6000169A05E03AD007FB00C001251EF801BB68
:10CF7000ABF1300CBCF1090F06D9ABF1410CBCF19F
:10CF8000190F19D8ABF1370C63451EDDB5F1FF3F22
:10CF9000ECD08642E6D24FF0FF35E7E706F0DDFA47
:10CFA000162303600020BDE8F88F102BD3D1BBF10E
:10CFB000300F23D01F46CEE7ABF1610CBCF1190F47
:10CFC00003D8ABF1570C6345E0DC6B1C2BD054B994
:10CFD000002AE8D085BB1160BDE8F88FE245C2DACF
:10CFE0004FF0FF35C2E74042F2E79EF8003003F011
:10CFF000DF03582B08D008273B46ACE79EF800001B
:10D0000000F0DF005828D5D110279EF801B03B462C
:10D010000EF1020E9FE79EF800B04FF0004905F1B7
:10D02000020E012491E72223C8F8003032B10EF13C
:10D03000FF3148461160CFE78146F8E74846B2E73E
:10D04000F55E010810B4044C84461346206810BCF9
:10D050000A466146FFF75ABF200800202DE9F04735
:10D06000074649480E46354616F801EB10F80EC043
:10D070001CF0080CF7D1BEF12D0F5AD0BEF12B0FCA
:10D0800003BF96F800E06446AE1C64464BB9BEF19F
:10D09000300F5CD00A23DFF8F4804FF0050A994680
:10D0A0000AE0102B4AD04FF0FF38B8FBF3F803FB2F
:10D0B00008FA6FEA0A0A99460025284605E02CD0AE
:10D0C00009FB00C0012516F801EBAEF1300CBCF1F4
:10D0D000090F06D9AEF1410CBCF1190F0BD8AEF116
:10D0E000370C634510DDB5F1FF3FECD04045E6D984
:10D0F0004FF0FF35E7E7AEF1610CBCF1190F03D833
:10D10000AEF1570C6345EEDC6B1C0BD004B1404212
:10D110000AB165B91160BDE8F087D445D0DD4FF0A4
:10D12000FF35D0E722233B602846002AF3D0711E4A
:10D13000F0E796F800E00124AE1CA7E7BEF1300F3F
:10D1400011D04FF00F0A6FF070489946B4E733786A
:10D1500003F0DF03582B0BD008234FF0070A6FF0C2
:10D1600060489946A8E7307800F0DF005828E8D1F9
:10D170004FF0100996F801E04FF00F0A02366FF0F9
:10D1800070484B4698E700BFF55E010899999919D8
:10D1900010B4044C84461346206810BC0A4661460D
:10D1A000FFF75CBF200800202DE9F04F85B08B46CB
:10D1B0000192604A03901E460D46294615F8014B20
:10D1C000135D13F00803F8D12D2C7ED02B2C03BF58
:10D1D0002C7802938D1C02936EB9302C00F086805F
:10D1E0004FF00A09B246DFF850814FF0050C4FF0BE
:10D1F00099374E4617E0102E6CD04FEAE67A324649
:10D2000053464FF0FF304FF0FF31F4F72BFA324620
:10D210000746884653464FF0FF304FF0FF31F4F792
:10D2200021FAB146944600221046114610E04145CD
:10D2300008BFB84239D000FB0AF209FB0121A0FB6C
:10D2400009021144181841EBE371012215F8014B52
:10D25000A4F13003092B05D9A4F14103192B0CD8F3
:10D26000A4F137039E4210DD541CEFD0874278EBC7
:10D270000102DCD24FF0FF32E8E7A4F16103192B81
:10D2800003D8A4F157039E42EEDC531C12D0029B3C
:10D2900013B1404261EB4101019B1BB192B9019B6B
:10D2A000C3F800B005B0BDE8F08F6345C3DD4FF0B3
:10D2B000FF32CBE7039922230B60019B10461146F6
:10D2C000002BEFD005F1FF3BE9E701232C78029317
:10D2D0008D1C81E7302C19D04FF00F0C4FF0FF3729
:10D2E0006FF07048B1464FF0000A9CE72B7803F0CE
:10D2F000DF03582B0FD04FF00809B2464FF0070C50
:10D300004FF0FF376FF060484E468CE72B7803F004
:10D31000DF03582BE0D14FF010096C784FF00F0C61
:10D3200002354FF0FF376FF070484FF0000A4E465D
:10D3300079E700BFF55E01089999991910B4044C7A
:10D3400084461346206810BC0A466146FFF72CBF8E
:10D35000200800202DE9F04FD9B00C46CDE90C0192
:10D3600092460F9301F0E2FE036817931846F2F716
:10D3700047FFA38916901D0603D52369002B00F0F3
:10D3800081870023CDE92D33CDE91933CDE91B3356
:10D39000129318930B9300240023CDF820A0CDE91D
:10D3A0001434089B1B782FAA2C929346002B00F074
:10D3B000E481DDF820A004E01AF8013F002B00F022
:10D3C0001C81252BF8D1089BBAEB030540F01A818C
:10D3D0009AF80030002B00F0D08100239AF8015019
:10D3E0008DF893300A930AF1010A4FF0FF39079341
:10D3F0000AF1010AA5F120035A2B00F23481DFE87B
:10D4000013F09B02320132019402320132013201E7
:10D410006A00320132015C026E02320167027B0255
:10D42000320174025B005B005B005B005B005B0031
:10D430005B005B005B0032013201320132013201DC
:10D4400032013201C80132012A028700C801C80135
:10D45000C8013201320132013201B8023201320117
:10D46000B50032013201320134023201A60232012A
:10D470003201F80632013201320132013201320149
:10D4800032013201C80132012A028B00C801C801F1
:10D49000C801E8028B0080003201DE023201D002B6
:10D4A000B900BF028000320134027D001C07320146
:10D4B00032011F0732017D00A5F1300300221AF866
:10D4C000015B02EB820203EB4202A5F13003092B60
:10D4D000F5D90A928EE70C9D284601F027FE436895
:10D4E0001B931846F2F78CFE1C900446284601F068
:10D4F0001DFE83681993002C40F06B869AF800504B
:10D5000076E7079B9AF8005043F0200307936FE7F4
:10D51000079B43F010030793079B9C0640F18A8109
:10D520000F9B073323F007031A46596852F8083B4C
:10D530000F920A460029C0F2B185B9F1FF3F00F011
:10D54000EB87079921F0800653EA020100F050852D
:10D550000A2B72F1000180F0738730338DF85F3150
:10D560000DF25F1307960893012634E0079B43F002
:10D5700010030793079B13F0200200F04A810F9BD2
:10D58000073323F0070319465A6851F8083B0F91F7
:10D59000079921F4806600210020B9F1FF3F8DF842
:10D5A000930000F0898226F08000079053EA020081
:10D5B00040F08182B9F1000F40F0B787002940F0B8
:10D5C0001C8516F001061BBF30238DF85F3158AB68
:10D5D0000DF25F1308930023B145CDE9103349469E
:10D5E0009DF893200E93B8BF314609911393002AFA
:10D5F0004BD0099B0133099347E0089BBAEB030525
:10D6000000F0BB80089B2E9FCBE900352D9B01339A
:10D610002F44072B2E972D9305DC0BF1080B0B9B4A
:10D620002B440B93D4E6DDE90C012CAA02F072F92D
:10D6300080B90DF1BC0BF2E7DDE90C012CAA02F078
:10D6400069F9002800F088800E9B1BB10E990C9898
:10D6500001F06EFC0D9B9B89590601F1D8820B9855
:10D6600059B0BDE8F08F002D00F0878000228DF8C2
:10D67000FC508DF893200123CDE9102209931E461A
:10D680003FAB0E92914613920893079B13F002034F
:10D6900002D0099902310991079911F0840405D14A
:10D6A000DDE909010F1A002F00F33E832E9F8AB196
:10D6B0002D9A0DF1930101320137CBF80010072AA2
:10D6C0004FF001012E972D92CBF8041000F38483C4
:10D6D0000BF1080B83B12D9B25AA01330237CBF840
:10D6E0000020072B4FF002022E972D93CBF8042039
:10D6F00000F380830BF1080B802C00F0F981A9EB7B
:10D700000608B8F1000F00F33F82079BDA0500F12D
:10D710006A81089BCBF800302D9BCBF80460013365
:10D72000F519072B2E952D9300F3A7820BF1080B0B
:10D73000079B580705D5DDE909239C1A002C00F347
:10D740006B83DDE90A2309998A42ACBF9B185B18F9
:10D750000B93002D7FF470AF00232D930E9B1BB114
:10D760000E990C9801F0E4FB0DF1BC0BCDF820A054
:10D77000089B1B78002B7FF41CAE2E9B002B3FF4E4
:10D7800069AF0D9C0C982CAA214602F0C3F8A3891E
:10D7900062E70F9B073323F00703F3E802670F9359
:10D7A00027F000431F931E96DDE91E01AE4B4FF09C
:10D7B000FF32CDE91467F3F743FC002840F0A08462
:10D7C000DDE91E01A84B4FF0FF32F3F71BFC0028E8
:10D7D00040F096840022002330463946F3F708FCD7
:10D7E000002840F05B879DF89320079B9F4C23F017
:10D7F000800307939E4B472DC8BF1C46032100237F
:10D80000CDE9103308940E9309910E46994613936F
:10D81000EDE60F9951F8043B0F91079911F01001B3
:10D820007FF4B6AE079A12F0400000F019879BB261
:10D830000A46ADE60F9A52F8043B0F92079AD006BB
:10D8400000F15584079A510640F14D8443F3C032EC
:10D8500011461BB26EE60F9B002253F8041B8DF895
:10D8600093208DF8FC100F9305E70F9F57F8043BAA
:10D87000089300268DF89360002B00F09E86B9F186
:10D88000FF3F00F00E8508984A463146F2F798FEB1
:10D890000E90002801F01D810E9B089A0F97B1464B
:10D8A0009E1A26EAE673CDE910999DF89320099314
:10D8B000CDF83890CDF84C9099E60F9B53F8042B97
:10D8C0000A92002A80F20A840A9A0F9352420A921C
:10D8D000079B9AF8005043F00403079388E52B2335
:10D8E0009AF800508DF8933082E5079B9AF8005023
:10D8F00043F0800307937BE5524612F8015B2A2D23
:10D9000001F01182A5F13003092B92464FF0000976
:10D910003FF670AD1AF8015B09EB890903EB490981
:10D92000A5F13003092BF5D964E5079B9AF800505F
:10D9300043F0010307935BE59DF893309AF800509C
:10D94000002B7FF455AD20238DF8933050E5079BD5
:10D9500043F0100616F0200200F089830F9B073376
:10D9600023F0070319465A6851F8083B0F9101212B
:10D9700012E6079B9AF8005043F00803079337E537
:10D980000F9A079B43F0020652F8043B0F9247F6AA
:10D990003002ADF89420374A1892022100227825EF
:10D9A000FAE5079B9E0640F102840F9B0B9A1B68C9
:10D9B0001A60D2175A600F9B04330F93D6E69AF879
:10D9C0000050079B6C2D00F0548443F01003079324
:10D9D0000EE59AF80050079B682D00F0418443F053
:10D9E0004003079304E5652D40F35381DDE91401FD
:10D9F00000220023F3F7F2FA002800F049822D9B61
:10DA00001D4ACBF80020013301370122072B2E9746
:10DA10002D93CBF8042000F38E850BF1080B269B89
:10DA2000129A934204DB079BDB0701D43D467FE655
:10DA3000169B179ADD19CBE900232D9B2E950133F8
:10DA4000072B2D9300F3FF830BF1080B129B5C1E39
:10DA5000002C7FF76DAE102C2D9B084F40F378857E
:10DA6000DDE90C89102611E0FFFFEF7FF85F010868
:10DA7000FC5F010808600108386001083C6001088B
:10DA80000BF1080B103C102C40F36285013310356C
:10DA9000072BCBE90076CDE92D35F1DD2CAA4946DF
:10DAA000404601F037FF00287FF4CEADDDE92D358B
:10DAB0000DF1BC0BE6E7079E01293FF449AD0229B1
:10DAC00000F0768158AC03F00701DB0843EA4273AB
:10DAD000D208303153EA0207204604F8011DF2D182
:10DAE000F707089400F1768258AB07961E1B72E583
:10DAF000DDE90923A3EB0208B8F1000F7FF7FFADC2
:10DB0000B8F1100F3A462D9BC04F29DD1D95209688
:10DB10001024DDE90C65194606E0A8F11008B8F1FB
:10DB2000100F0BF1080B18DD013110320729CBE97A
:10DB30000074CDE92D12F0DD2CAA294630460DF1F6
:10DB4000BC0B01F0E7FE00287FF47EADA8F11008C1
:10DB5000B8F1100FDDE92D12E6DC1D9D209E0B466D
:10DB60000133CBF80070072B08EB0207CDE92D3706
:10DB7000CBF8048000F30E85A9EB0608B8F1000F7E
:10DB80000BF1080B7FF7C1ADB8F1100F3A462D9B92
:10DB90009E4F2EDD59460C9CC3464FF01009B846E7
:10DBA00037462E460D9D06E0ABF1100BBBF1100F72
:10DBB00001F1080118DD013394481032072BC1E947
:10DBC0000009CDE92D32EFDD2CAA2946204601F0CF
:10DBD000A1FE00287FF438ADABF1100BBBF1100FA4
:10DBE000DDE92D322FA9E6DC35463E464746D846CC
:10DBF0008B460133CBF80070072B08EB0207CDE909
:10DC00002D37CBF8048000F325820BF1080B7CE55F
:10DC10002D9B7F49CBF8001001337D1C0121072B80
:10DC20002E952D93CBF8041000F34A850BF1080BC9
:10DC3000002A40F0E084079B129A03F0010313438B
:10DC40003FF476AD169B179A5919CBE900232D9B0B
:10DC50002E910133072B2D9300F3EF850BF1080B69
:10DC6000089ACBF80020129ACBF8042001335518FB
:10DC7000072BCDE92D357FF759ADDDE90C012CAA35
:10DC800001F048FE00287FF4DFAC2E9D0DF1BC0BA7
:10DC90004EE5129B012B0BF1080640F37A81089B9D
:10DCA000CBF800302D9B013301370122072B2E9733
:10DCB0002D93CBF8042000F3F981169A03F10108A3
:10DCC000179BD519B8F1070FC6E90032CDE92D85AC
:10DCD00000F3F8810836129BDDE9140103F1FF39E6
:10DCE00000220023F3F77AF9002840F08B81089C8A
:10DCF000C6F8049008F1010801344D44B8F1070F4B
:10DD0000CDE92D85346000F3598108361A9A726086
:10DD100008F101031544072B28AACDE92D353260FF
:10DD2000ABDC06F1080B03E5102FDDE92D21DFF850
:10DD3000E4802DDD1D934346CDE92045B046DDE965
:10DD40000C451E4604E0103F102F0BF1080B19DDA7
:10DD5000013210311023072ACDE92D21CBF80060C4
:10DD6000CBF80430EFDD2CAA294620460DF1BC0B80
:10DD700001F0D0FD00287FF467AC103F102FDDE9E3
:10DD80002D21E5DCDDE9204530461D9B46468046D9
:10DD900001323944072ACBF80080CBF804702E9169
:10DDA0002D9200F3A9839DF893200BF1080B7DE4DD
:10DDB000189C58A903F00F001B09205C01F8010D05
:10DDC00043EA0273120953EA0200F3D158ABCDE9DA
:10DDD00007615E1AFFF7FFBBDDE90C012CAA1D935A
:10DDE00001F098FD00287FF42FAC2E9F1D9B0DF1B4
:10DDF000BC0B6FE4DDE90C012CAA01F08BFD0028BF
:10DE00007FF422AC2E9F0DF1BC0B75E43C60010841
:10DE1000386001084C600108102C2D9BDFF8D88277
:10DE200023DD4746DDF83490DDF83080102604E02D
:10DE3000103C102C0BF1080B16DD01331035072BAD
:10DE4000CBE90076CDE92D35F2DD2CAA49464046D6
:10DE50000DF1BC0B01F05EFD00287FF4F5AB103C2A
:10DE6000102CDDE92D35E8DCB84601332544072BBD
:10DE7000CBE90084CDE92D357FF763ACDDE90C01FA
:10DE80002CAA01F047FD00287FF4DEAB2E9D58E45C
:10DE9000269A002A7FF7BCAE109E129A089B9642E3
:10DEA000A8BF1646002E1A441D920BDDCBE90036A2
:10DEB0002D9B01333744072B2E972D9300F39B8521
:10DEC0000BF1080B109D002EA8BFAD1B002D00F319
:10DED000F081109BDDF820909944079B5E0500F1CE
:10DEE0000D82269C129B9C4203DB079AD50740F1CA
:10DEF0008E84169B179ADD19CBE900232D9B2E9556
:10DF00000133072B2D9300F3D6850BF1080B129BE1
:10DF10001C1B1D9BA3EB0906A642A8BF2646002E8C
:10DF20000DDD2D9BCBF8009001333544072BCBF84A
:10DF300004602E952D9300F3D8850BF1080B002E6D
:10DF4000A8BFA41B002C7FF7F3AB102C2D9B6B4FAD
:10DF500040F3FE82DDE90C89102605E00BF1080B89
:10DF6000103C102C40F3F48201331035072BCBE921
:10DF70000076CDE92D35F1DD2CAA4946404601F069
:10DF8000C9FC00287FF460ABDDE92D350DF1BC0B39
:10DF9000E6E7079BDC073FF582AE089BCBF8003035
:10DFA0002D9B03F101087D1C0123B8F1070F2E956D
:10DFB000CDF8B480CBF804307FF7A8AEDDE90C01D2
:10DFC0002CAA01F0A7FC00287FF43EABDDE92D85EB
:10DFD0002FAE9BE6302900F0C882089A07963023BE
:10DFE000023802F8013C58AB1E1A0890FFF7F3BA4A
:10DFF000B9F1000F7FF4B1AA079658AB4E460893CB
:10E00000FFF7E9BA129B012B7FF780AE112B3B4F34
:10E0100040F3E48243461024DDE90C8B06E0083629
:10E02000A9F11009B9F1100F40F3D782013310356F
:10E03000072BC6E90074CDE92D35F0DD2CAA594631
:10E04000404601F067FC00287FF4FEAADDE92D358B
:10E050002FAEE5E7DDE90C012CAA01F05BFC0028FE
:10E060007FF4F2AA2E9F0DF1BC0BFFF74EBB0F9968
:10E0700051F8043B0F9116F010010CD116F040003E
:10E0800004D00A469BB20121FFF786BA16F400724B
:10E090001CBFDBB202460121FFF77EBA5B42079E3E
:10E0A00062EB42022D200121FFF777BADDE90C0176
:10E0B0002CAA01F02FFC00287FF4C6AADDE92D3739
:10E0C0002FAEFAE5DDE90C012CAA01F023FC0028B3
:10E0D0007FF4BAAADDE92D852FAEFCE59AF8005051
:10E0E0000F93FFF785B9079A920500F1A083DA171D
:10E0F0001146FFF71FBA00BF4C6001083C600108E1
:10E10000DDE9140102460B46F2F79AFF002840F0C1
:10E11000BF85612D00F08C84412D00F0F684B9F1AB
:10E12000FF3F00F0A58325F02003472B04D1B9F170
:10E13000000F08BF4FF00109DDE91412079C002A07
:10E1400044F480700990C0F2AA84CDE92212002321
:10E150001D930E93A5F14103252B00F2BF82DFE84A
:10E1600013F09103BD02BD02BD028A038E03BD02FE
:10E17000BD02BD02BD02BD02BD02BD02BD02BD02A7
:10E18000BD02BD02BD02BD02BD02BD02BD02BD0297
:10E19000BD02BD02BD02BD02BD02BD02BD02BD0287
:10E1A000BD02BD02BD02BD02BD028A038E03079BF4
:10E1B000DD0600F1FC81079B5C0600F13283079BC2
:10E1C000980540F1F4810F9B0B9A1B681A70FFF7BA
:10E1D000F2BB199B9AF80050002B3FF409A91B7859
:10E1E000002B3FF405A9079B43F480630793FFF7D7
:10E1F000FFB8BD4B1893079B13F0200200F002817B
:10E200000F9B073323F0070319465A6851F8083B60
:10E210000F910798C1070AD553EA020107D040F0D1
:10E220000201079130218DF895508DF894100799CF
:10E2300021F480660221FFF7AFB9079EFFF78ABB82
:10E24000AA4B1893D7E7DDE90C012CAA01F062FB79
:10E2500000287FF4F9A92E9D0DF1BC0BFFF7F6BB4A
:10E2600043F400739AF8015007930AF1010AFFF78B
:10E27000BFB843F020039AF8015007930AF1010A4E
:10E28000FFF7B6B80C984021FDF7CCFE0D9B186047
:10E290001861002800F0B8840D9A40235361FFF7FD
:10E2A00070B808980F97F1F7ABFFB1460646FFF735
:10E2B000F8BA102D3A462D9B8D4F40F3E081DDE9F1
:10E2C0000C48102605E00BF1080B103D102D40F313
:10E2D000D68101331032072BCBE90076CDE92D3200
:10E2E000F1DD2CAA4146204601F014FB00287FF402
:10E2F000ABA9DDE92D320DF1BC0BE6E71199CDF8A4
:10E3000080A05A4638467A4EDDF864A01C9BDDF8A2
:10E3100034B04F464FF01008DDF84C9081B3B9F19E
:10E32000000F00F0FC8009F1FF391B99C2E90013CE
:10E330002D990131184407292E902D9173DC083254
:10E340001D9C9AF80010E51B8D42A8BF0D46002DBC
:10E350000CDD2D99013128440729C2E900752E9062
:10E360002D9100F308819AF800100832002DACBFFF
:10E370004C1B0C46002C12DC0F4411990029CED105
:10E38000B9F1000FCFD11D9BCDF864A0B9469945D6
:10E39000DDF880A09346074628BF9946A1E5102CDA
:10E3A0002D9940F387840C9D0893109604E0103C4F
:10E3B000102C02F1080215DD013110300729C2E9E5
:10E3C0000068CDE92D10F2DD2CAA5946284601F04F
:10E3D000A1FA00287FF438A9103C102CDDE92D109B
:10E3E0002FAAE9DC089B109D156001312044072904
:10E3F000CDE92D10546000F30B839AF80010083219
:10E400000F44BAE70F9951F8043B0F91079911F0A7
:10E4100010017FF4FEAE079A12F0400000F0288150
:10E420009BB20A46F5E60C9808932CAA594601F0CF
:10E4300071FA00287FF408A92E98089B2FAA7FE77D
:10E4400006F480670996CDE907A5DFF8A880199E34
:10E450004FF0000C58AC05E00A2B72F1000235D3E6
:10E4600053462A46991841F10001A8FB010525F001
:10E47000030000EB9500091A581A4FF0CC3562F1F1
:10E48000000E05FB00F508FB0E55A0FB08A0054497
:10E490000AF0010E0520AEFB000E40184FEA5A0AA2
:10E4A000303004F8010C4AEAC57A0CF1010C013C49
:10E4B0006D08002FD0D031788C45CDD1BCF1FF0F45
:10E4C000CAD00A2B72F1000280F0ED801996DDE9C6
:10E4D000085658ABDDF81CA0CDF848C0CDE907645C
:10E4E0001E1BFFF778B800BF1C6001080860010818
:10E4F0003C600108CDCCCCCCDDE90C012CAA1D93ED
:10E5000001F008FA00287FF49FA89DF893201D9B36
:10E510000DF1BC0BFFF7CAB8079EFFF719B81199A8
:10E5200001390AF1FF3A1191FFE60129079E7FF4B4
:10E53000C6AAFFF712B8DDE90C012CAA01F0EAF92E
:10E5400000287FF481A82E9F0DF1BC0BFFF767BA5E
:10E5500001332544072BCBF80070CBF80440CDE9FC
:10E560002D357FF7E3A8FFF788BB089A079658ABCD
:10E570009E1AFFF730B80C9808932CAA594601F060
:10E58000C9F900287FF460A89AF800102E98089B1B
:10E590002FAAEBE6DDE90C012CAA01F0BBF900285B
:10E5A0007FF452A82E9F0DF1BC0BFFF7A8B80F9B6C
:10E5B0000B9A1B681A60FFF7FEB94E46062E1A46E4
:10E5C00028BF062699460E93BF4B0996CDE9102227
:10E5D0000F9708931392FFF70AB8984608F10108BD
:10E5E0004D44B8F1070FCDE92D853760C6F804908A
:10E5F0007FF78BABE2E4169B17985919CBE9000320
:10E600002D9B2E910133072B2D9300F316810BF1D7
:10E61000080B002ABFF624AB56421032AB4F80F2F3
:10E62000CB82DDE90C48102505E00BF1080B103E0C
:10E63000102E40F3C18201331031072BCBE9007556
:10E64000CDE92D31F1DD2CAA4146204601F062F9D9
:10E6500000287EF4F9AFDDE92D310DF1BC0BE6E7C2
:10E66000079A12F400721CBFDBB20246FEF790BF9D
:10E67000079A12F400721CBFDBB20246C9E50133EF
:10E68000CBF80070072B05EB0207CDE92D37CBF84F
:10E69000045000F3E0800BF1080B1AE42D228DF8F2
:10E6A0009320FFF7A2B81C9B1B99E41A1A46204638
:10E6B000FEF7E0F9737803B101364FF0000CCFE6B6
:10E6C000DDE90C012CAA01F025F900287EF4BCAF8D
:10E6D000269A2E9D0DF1BC0BFFF7AABA4F460223D6
:10E6E000CDE900372AAB049327AB039326AB029303
:10E6F0000C98DDE92223F3F753FA672D089000F018
:10E700000682472D00F09582089B25F02008B8F17D
:10E71000460F03EB070605D11B78302B00F0DC8297
:10E72000269F3E44DDE9220100220023F2F756FC39
:10E73000002800F03C813346089A9B1A1293269ACF
:10E740001092B8F1470F00F02081B8F1460F00F0A9
:10E75000F681531E612D269300F0D682412D40F0A4
:10E760001C8150210120002BB6BFC2F101032B22D6
:10E770002D22092B8DF8A0108DF8A12040F33582B1
:10E780000DF1AF06524F32461046A7FB0312D208D6
:10E7900002EB8201A3EB4101303100F8011C194664
:10E7A0006329134600F1FF32EEDC303302F8013CFE
:10E7B000831EB34280F0B4820DF1A10213F8011B55
:10E7C00002F8011FB342F9D158AB181AA0F1AD03FA
:10E7D0001A93129B1A9A012B03EB020640F325822F
:10E7E000169B1E4424F4806343F480730793002334
:10E7F000CDE9103326EAE672139309921D9B002B94
:10E8000040F0CE809DF893209946FEF7F0BE1D9A09
:10E810001C1BA2EB0906A6423D46A8BF2646FFF7F1
:10E820008EBB0F9B0B9A1B681A80FFF7C4B843F38B
:10E83000C01211465BB2FEF77DBEDDE90C012CAAC9
:10E8400001F068F800287EF4FFAEDDE92D31269A4C
:10E850000DF1BC0BDDE6DDE90C012CAA01F05AF844
:10E8600000287EF4F1AE2E9F0DF1BC0BFFF731BBFB
:10E870004FF0060960E409F10107022330E74F4633
:10E8800003232DE726AADDE9220101F00BF800227F
:10E890004FF07F53F2F73AF90022002306460F4665
:10E8A000F2F79CFB002840F0B7810A4B079309F16F
:10E8B000FF33CDE9209B1195CDE9124ADDF8208088
:10E8C000DDF81CB01D460DE0306001083C60010819
:10E8D000CDCCCCCC1C60010800220023F2F77EFBDB
:10E8E000F0B94D46AB4B002230463946F2F70EF9EF
:10E8F0000F460646F2F7BAFB0446F2F79DF80B46C0
:10E90000024639463046F1F749FF1BF80430C2464B
:10E9100008F8013B6B1C05F1FF3906460F46DBD1B9
:10E920009D4B1095002230463946119D1194DDE92A
:10E93000209B129CCDF848A0DDF84CA0F2F776FBA6
:10E94000002840F00A81944B304639460022F2F705
:10E9500045FB18B1119BDF0700F1FF80109B002BD6
:10E96000C0F21681109B01334344302208F8012B7A
:10E970004345FBD1089A9B1A129325F02008DEE646
:10E98000089A2A9B9B1A269A1293D31C109201DB99
:10E99000914518DA531E023D2693E9B20020E2E6C3
:10E9A0002D228DF893204FF00009FEF722BE2A9BFE
:10E9B000B342BFF4C1AE30215A1C2A9219702A9B6F
:10E9C0009E42F9D8B8E6129B934200F3A780E30772
:10E9D00040F15C81169BD618670502D5002A00F32A
:10E9E0002F81099B079326EAE67309936725002385
:10E9F0001393119302E7DDE90C012CAA00F08AFFC2
:10EA000000287EF421AE2E9F0DF1BC0BFFF75ABA01
:10EA10000C9808932CAA594600F07CFF00287EF43D
:10EA200013AE9AF800102E98089B2FAA0F44A4E466
:10EA300078238DF8953030238DF89430079BB9F109
:10EA4000630F43F0020400F3AB8000230E933FAB4F
:10EA50000893079B43F481730993159B002B21DBDB
:10EA600000231D93DDE91423CDE92223612D7FF4DA
:10EA700071AB26AADDE9220100F014FF00224FF05D
:10EA80007F53F2F743F80022002306460F46F2F7C1
:10EA9000A5FA002840F0C080404B079307E7002309
:10EAA000079C0E93DDE9142303F1004323932D23E8
:10EAB00022921D93DAE7DDE90C012CAA00F02AFF6F
:10EAC00000287EF4C1AD269C2E9D0DF1BC0BFFF7F6
:10EAD0001EBA4E46CDF82490CDE910009DF8932043
:10EAE0000F9781461390FEF782BDDDE90C012CAA39
:10EAF00000F010FF00287EF4A7AD269C129B2E9DEF
:10EB00001C1B0DF1BC0BFFF71ABA582391E7E6075F
:10EB10007FF536AFC6194FF0470803E6129B169AE9
:10EB20009E18109B002B40F3C8806725620500F1FA
:10EB30008880099B079326EAE673099357E7109AA2
:10EB400004F00103002A43EA090340F3D580002BB7
:10EB500040F0BD80109E6625E8E7129B079A2A9335
:10EB6000D17B18F8013C8B42424609D1302002F893
:10EB7000010C2A9A531E2A9312F8013C9942F6D0AE
:10EB8000392B0BBF079B01339B7ADBB202F8013CA8
:10EB90004346EFE6000030400000E03F0860010817
:10EBA0000C9809F10101FDF73DFA0890002800F0EA
:10EBB000C980089B0E934CE701333144072BCDE904
:10EBC0002D31CBF80070CBF804607FF747A8DDE962
:10EBD0000C012CAA00F09EFE00287EF435ADDDE984
:10EBE0002D310DF1BC0BFFF73BB8002840F08180C0
:10EBF00030228DF8A2200DF1A302303302F8013B40
:10EC000028ABD31A1A93E4E50C9A0C2313604FF047
:10EC1000FF330B93FEF723BD4E4B4F4A612D18BFB8
:10EC20001A4601230792269341E6E2077FF5DAAD03
:10EC3000D6E5E1077FF5A4AE089BA846DE1971E58D
:10EC4000672519990B78FF2B78D00024109A20465D
:10EC500003E001300131FF2B08D0934206DAD21ACB
:10EC60004B78002BF5D10B780134F4E71991119012
:10EC700013941092099B119A0793139B13441C9AA7
:10EC800002FB036626EAE6730993B7E51646A3E698
:10EC9000159B324C002B079BA8BF9DF8932023F0B7
:10ECA0008003B8BF2D220793B8BF8DF893202C4B5B
:10ECB000FEF7A1BD2B4DFFF797BBC3F101031E4427
:10ECC000099A079226EAE673099367258FE6169B51
:10ECD000D6184E44662529E7DDE9220100220023EB
:10ECE000F2F77CF900287FF41BADC7F101072697E6
:10ECF00017E50DF1A20280E743B9099B07930123B1
:10ED0000099366251E4672E670212BE5099B079341
:10ED1000169B5E1C4E4426EAE6730993662566E65A
:10ED200002231A9355E50F9B9AF80150924653F827
:10ED3000042B0F9342EAE279FEF75ABB00231393A8
:10ED4000119397E70D998B8943F0400213468A810E
:10ED5000FEF782BC1C600108086001080060010821
:10ED6000046001083C6001082DE9F04F03690C695B
:10ED7000A34283B0C0F28A80013C01F1140500F186
:10ED8000140855F8243058F8242001339A428E464E
:10ED900081464FEA840105EB840708EB840AB2FB45
:10EDA000F3F63AD3CDE900150022AC4640461346AF
:10EDB0005CF8041B05681FFA81FB06FB0B22090C9B
:10EDC0004FEA124B06FB01BB92B2A9B2891A194451
:10EDD0001FFA8BF3C3EB214303EB154389B241EADE
:10EDE0000341674540F8041B4FEA1B424FEA2343A7
:10EDF000DED2DDE9001558F8013073B9AAF1040A32
:10EE0000D04504D307E0D04504F1FF3403D25AF8CB
:10EE10000439002BF7D0C9F810407146484600F07D
:10EE200011FC00282EDB4146002255F8040BD1F8D6
:10EE300000C01FFA80FE1FFA8CF3A3EB0E031344ED
:10EE4000020CC2EB234202EB1C429BB243EA024398
:10EE5000AF4241F8043B4FEA2242E6D258F8242060
:10EE600008EB84036AB9043B984504D307E098454E
:10EE700004F1FF3403D253F80429002AF7D0C9F86B
:10EE800010400136304603B0BDE8F08F002003B0DB
:10EE9000BDE8F08FF8B5234F0C460646FDF780FC21
:10EEA000BB685D6825F0030505F6EF73191B21F4B7
:10EEB0007F6121F00F01A1F58054B4F5805F07DB7D
:10EEC00000213046FDF778FCBB682B44984204D003
:10EED0003046FDF76BFC0020F8BD61423046FDF77F
:10EEE0006BFC01300DD0104ABB682D1B45F00105AD
:10EEF0005D60136830461B1B1360FDF757FC012053
:10EF0000F8BD00213046FDF757FCBA68831A0F2B75
:10EF1000DEDD43F001035360044B03491B68C01A54
:10EF20000860D5E7D80000202C2200201808002017
:10EF300000297CD0F8B50C460646FDF731FC54F8A4
:10EF4000043C774FA4F1080523F001016818D7F8B5
:10EF500008C04268844522F0030200F08380DB078A
:10EF6000426000EB020C33D454F8084CDCF8043057
:10EF70002D1B2144AC6807F1080C644503F0010324
:10EF800064D0D5F80CE0C4F80CE0CEF80840002BB3
:10EF900000F0818041F001036B600160B1F5007FFA
:10EFA00022D27868CB080122490901338A40024302
:10EFB00057F833107A6007EBC302083AC5E902122A
:10EFC00047F83350CD603046BDE8F840FDF7EEBB62
:10EFD000DCF80430DB072BD541F00103B1F5007FED
:10EFE00044F8043C0160DCD3B1F5206F4FEA5123B3
:10EFF00053D28B0903F1390003F13802C300F8182A
:10F00000FB580838984203D163E09B68984204D0CB
:10F010005A6822F003028A42F7D8D868C5E902305C
:10F020008560DD603046BDE8F840FDF7BFBB704746
:10F03000114407F1080C836863453FD0C268DA6069
:10F04000936041F001036B606950A7E7002B61D129
:10F050000A44D0E90213CB60996042F001036B606F
:10F06000AA50B0E70A44D90707D454F8083CED1A6F
:10F070001A44D5E90213CB60996042F001036B603A
:10F08000284BBD601B6893429DD8274B30461968BA
:10F09000FFF700FF97E71144CDE7142B08D9542B55
:10F0A0001FD80B0B03F16F0003F16E02C300A6E73C
:10F0B00003F15C0003F15B02C300A0E741F0010330
:10F0C0003D617D61C5F808C0C5F80CC06B60695032
:10F0D00079E779689210012404FA02F20A437A600F
:10F0E0009CE7B3F5AA7F06D8CB0B03F1780003F1B8
:10F0F0007702C30083E740F25452934206D88B0C48
:10F1000003F17D0003F17C02C30078E74FF47E73C6
:10F110007E2274E741F001036B60016053E700BF9A
:10F12000D80000201C0800205C2200200048704706
:10F1300014090020C36C70B505460C464BB153F85A
:10F14000240080B1026843F824200023C3600361D7
:10F1500070BD2122042100F081FC0346E8640028F0
:10F16000EDD1002070BD012101FA04F6721D92005C
:10F17000284600F073FC0028F3D0C0E90146E4E71C
:10F1800031B1C36C4A6853F82200086043F822107A
:10F19000704700BF2DE9F0410D6907460E461C4639
:10F1A00001F1140E0020DEF800108BB202FB0343C5
:10F1B0004FEA134C090C02FB01CC01309BB203EB6C
:10F1C0000C4385424EF8043B4FEA1C44EBDC3CB157
:10F1D000B368AB4207DD06EB850301355C61356141
:10F1E0003046BDE8F081716838460131FFF7A2FF73
:10F1F0008046A8B13269023206F10C0192000C304F
:10F20000F1F72EFAFB6C726853F82210316043F864
:10F210002260464606EB850301355C613561DFE718
:10F22000024B03484246B52100F0F8FB6C60010830
:10F23000F0600108B0F5803F034636BF03040020AC
:10F240001020B3F1807F3CBF1B020830B3F1805F18
:10F250003CBF1B010430B3F1804F03D3002B06DB0E
:10F26000013070479B0003D45B0003D4202070471B
:10F270000230704703307047036813F007020146FD
:10F2800007D0DA071FD4980721D55B080B6001204F
:10F29000704798B2A0B11046DAB20AB908301B0A1A
:10F2A0001A0704BF1B0904309A0704BF9B080230E9
:10F2B000DA0703D45B0800F1010006D00B60704749
:10F2C0001B0C1020E8E700207047202070479B08A7
:10F2D0000B600220704700BF38B5C36C04460D4672
:10F2E0004BB15868B0B102685A60002201234561F1
:10F2F000C260036138BD2122042100F0AFFB034648
:10F30000E0640028EDD1094B094800224FF4A071B8
:10F3100000F084FB1C220121204600F09FFB002806
:10F32000F1D00122022342608360DEE76C600108B5
:10F33000F06001082DE9F04FD1F810801569A8455B
:10F3400085B00E46924605DB2A46534645468A4618
:10F3500090461E46DAF80830DAF8041005EB080487
:10F36000A342B8BF0131FFF7E5FE8446002800F054
:10F370008B8000F1140707EB840E774505D23B46DE
:10F38000002243F8042B9E45FBD8143606EB880870
:10F390000AF11409464509EB850566D2A5EB0A0377
:10F3A000153B23F003030AF1150A043355452CBF1E
:10F3B0009B464FF0040BCDF808E00394AE46E246BE
:10F3C00005E0090C2AD1B04507F104074AD956F8DF
:10F3D000041B8DB2002DF4D0CC463C460023019690
:10F3E0005CF8040B216886B28AB2000C05FB062289
:10F3F000090C1A4405FB001101EB124192B242EADA
:10F400000142E64544F8042B4FEA1143E8D8019E37
:10F4100047F80B3056F8041C090CD4D03B68002286
:10F4200048461D463C469446028801FB02C202EB58
:10F4300015429BB243EA024344F8043B50F8043BB4
:10F4400025684FEA134CABB201FB0C3303EB1243BC
:10F4500086454FEA134CE7D8B04547F80B3007F123
:10F460000407B4D8DDE902E4D446002C02DC05E050
:10F47000013C03D05EF8043D002BF9D06046CCF887
:10F48000104005B0BDE8F08F034B0448624640F2DF
:10F490005D1100F0C3FA00BF6C600108F060010864
:10F4A00012F003032DE9F041144607462CD10D4616
:10F4B000A4101CD0BE6C86B3E3074FF0000806D43E
:10F4C000641014D03068A8B10646E307F8D5324678
:10F4D00029463846FFF72EFF35B1FB6C696853F8B3
:10F4E00021202A6043F8215064100546EAD12846BD
:10F4F000BDE8F081324631463846FFF71BFF3060E9
:10F50000C0F800800646E0E7013B0F4A52F823208E
:10F510000023FFF73FFE0546CAE701213846FFF703
:10F5200009FE064640B1012340F27122C0E90432CF
:10F530000023B8640360BFE7044B054832464FF42C
:10F54000A07100F06BFA00BF606101086C600108F7
:10F55000F06001082DE9F0470C4690462769A36842
:10F56000496807EB62177D1C9D4206464FEA621907
:10F5700004DD5B009D4201F10101FADC3046FFF73A
:10F58000D9FD8446002851D0B9F1000F00F11400D4
:10F590000EDD09F105024FEA820E03460CEB8202F2
:10F5A000002143F8041B9342FBD1AEF1140318442D
:10F5B000216904F1140318F01F0803EB81012DD019
:10F5C000C8F1200986464FF0000A1A6802FA08F2CC
:10F5D00042EA0A024EF8042B53F8042B994222FA0D
:10F5E00009FAF2D80B1B153B23F00303043304F193
:10F5F0001502914238BF042340F803A0BAF1000F6E
:10F6000000D13D46F36C6268CCF8105053F82210DC
:10F610002160604643F82240BDE8F087043853F883
:10F62000042B40F8042F9942F9D8EAE7034B044829
:10F63000624640F2D91100F0F1F900BF6C60010898
:10F64000F06001080B6984460069C01A15D10CF1FD
:10F65000140C14310CEB830210B401EB830301E0B2
:10F66000944508D252F8044D53F8041D8C42F7D04B
:10F6700004D24FF0FF3010BC70477047012010BC1F
:10F68000704700BF2DE9F04F13690F69FF1A002F73
:10F6900083B00D46904615D101F11406143202EBE9
:10F6A000830206EB830301E09E4276D253F8044DB9
:10F6B00052F8041D8C42F7D006D22B46012745464E
:10F6C000984601E0F9DB00276968FFF733FD8146C2
:10F6D000002876D02E69C760D8F8100005F1140B09
:10F6E00008F1140E09F1140A05F110010EEB800067
:10F6F0000BEB860257464FF0000CCDF804B05EF8D5
:10F70000044B51F8045F1FFA84FBABB2A3EB0B036D
:10F71000240C6344C4EB154404EB23449BB243EA3A
:10F720000443704547F8043B4FEA244CE7D8A0EB6C
:10F730000801153989084C1CDDF804B008F11508DA
:10F74000A400404538BF04240BEB0405AA425444EE
:10F7500030D92746284650F8043B1CFA83FE190C82
:10F76000634401EB2E419BB243EA0143824247F8D6
:10F77000043B4FEA214CEED8013A521B22F003021F
:10F78000144423B954F8043D013E002BFAD04846F6
:10F79000C9F8106003B0BDE8F08F0021FFF7CAFC84
:10F7A0008146A8B101220023C0E90423484603B0E2
:10F7B000BDE8F08F8900404538BF00210AEB010405
:10F7C000DFE7074B07484A464FF4107100F026F96F
:10F7D000034B04484A4640F2322100F01FF900BFB3
:10F7E0006C600108F0600108F0B5012183B0164695
:10F7F0001F46FFF79FFC0546002847D0C7F30A5471
:10F80000C7F313030CB143F48013002E019314D1FA
:10F8100001A8FFF731FD019B6B61012220302A61B5
:10F8200014B3089BA4F2334404441C60099BC0F148
:10F8300035001860284603B0F0BD68460096FFF713
:10F840001BFD019B00B30099C0F1200203FA02F2F4
:10F85000C34001930A43002BC5E905230CBF0122D5
:10F8600002222A61002CDCD105EB8201A0F2324396
:10F87000086908990B60FFF7DDFC099BC0EB42109B
:10F880001860284603B0F0BD009AE4E7034B044833
:10F890002A4640F20A3100F0C1F800BF6C6001084E
:10F8A000F0600108DFF860C0F8B521F000430027E0
:10F8B000634504460D461646176022D8844653EA2F
:10F8C0000C0C1ED0DFF844C001EA0C0C0A46BCF157
:10F8D000000F09D10E4B0022F1F718F96FF0350730
:10F8E00004460A4621F0004322F0FF421B1522F491
:10F8F000E002A3F2FE3342F07F553B4445F400158D
:10F90000336020462946F8BDFFFFEF7F0000F07FFF
:10F91000000050432DE9F04F9368176883B092467A
:10F92000002B74D04FF0000B8B680A6881460C46A0
:10F930005D4645E0B4F90C3013F4906F2CD0D4E957
:10F940000401161A01EB410202EBD272711C521033
:10F950002944914292BF904688460A465B0539D5B4
:10F9600011464846FCF75EFB019000283DD0324628
:10F970002169F0F775FEA289019B22F4906242F0A2
:10F980008002A2819819A8EB0606A660C4F814802C
:10F9900023612060A8462E4632465946FCF72EFECB
:10F9A000DAF80810A3682268A3EB08033244491B65
:10F9B000A3602260CAF8081049B3D7E900B5083738
:10F9C00098461046002DF8D09D421E46B2D2A84659
:10F9D0002E46E1E70146484600F09AF80346002823
:10F9E000D0D121694846FFF7A3FAA3890C2243F03E
:10F9F0004003C9F800204FF0FF30A381002200230C
:10FA0000CAF80820CAF8043003B0BDE8F08F00201F
:10FA10000023CAF8043003B0BDE8F08F00B50B4CEA
:10FA200025681446EE681A4685B003460D464CB16B
:10FA300007490095CDE901143046064900F03EF82B
:10FA4000F8F7E8FD04490C46F3E700BF2008002062
:10FA50006C6101087C6101087861010810B502FB46
:10FA600001F1FCF7DFFA044668B150F8042C22F0EB
:10FA70000302043A242A18D8132A06D8024600237F
:10FA8000136053609360204610BD00231B2A03605F
:10FA900043600FD9242A8360C36011BF00F11002B4
:10FAA00000F1180203614361E9E70021FCF726FE3B
:10FAB000204610BD00F10802E1E700BF0EB410B50A
:10FAC00083B005AB064C53F8042B01930146206824
:10FAD00000F0C0F903B0BDE8104003B0704700BFAC
:10FAE0002008002082B049B15AB16BB113780B6085
:10FAF0001278101E18BF012002B0704701A9002A19
:10FB0000F3D1104602B070476FF00100F4E700BF78
:10FB10002DE9F84F1646002900F096800C468046E5
:10FB200006F10B05FCF73CFE54F8041C162DA4F15D
:10FB3000080921F0030758D81025AE4258D8AF4223
:10FB400060DABE4B9A6809EB070C6245DCF80400EA
:10FB500000F0908020F0010363445B68DA0768D40A
:10FB600020F003003B189D4247DDCB0712D454F828
:10FB7000083CA9EB030BDBF8043023F0030210442C
:10FB800000EB070A554540F3F68007EB020A55459E
:10FB900040F3CC8031464046FCF744FA0646002844
:10FBA00000F0208154F8043C23F001034B44A0F101
:10FBB0000802934200F0B4803A1F242A00F2D78052
:10FBC000132A00F2A2800346224611681960516888
:10FBD000596092689A6021464046FFF7A9F940466D
:10FBE000FCF7E4FD3046BDE8F88F35F00705A4D5F5
:10FBF0000C23C8F80030002618E01F46DCE9022379
:10FC0000D3609A60D9F804307A1B0F2A03F00103FD
:10FC100009EB07001DD83B43C9F80430436843F0A3
:10FC2000010343604046FCF7C1FD26463046BDE86F
:10FC3000F88FC907AED454F8083CA9EB030BDBF8E6
:10FC4000043023F00302A0E7BDE8F84F1146FCF7AB
:10FC5000E9B909EB05012B4342F00102C9F8043070
:10FC60004A60436843F00103436008314046FFF7B0
:10FC70005FF9D7E720F00300C21905F1100C6245C7
:10FC800080F29180CA0785D454F8082CA9EB020BA6
:10FC9000DBF8042022F00302104400EB070AD445ED
:10FCA0003FF773AF5E46DBF80C1056F8080F3A1FAB
:10FCB000242AC160886000F2AE80132A40F2A98035
:10FCC0002168CBF808106168CBF80C101B2A00F2F1
:10FCD000A88008340BF1100221681160616851603E
:10FCE000A16891600BEB0501AAEB050242F001024D
:10FCF00099604A60DBF8043003F001032B4340466F
:10FD0000CBF80430FCF752FD90E72368036063688A
:10FD100043601B2A3CD804F1080200F1080354E7B1
:10FD200050F8043C23F003031F446BE73A1F5E4680
:10FD3000DBF80C3056F8081F242ACB60996022D8D3
:10FD4000132A1ED92368CBF808306368CBF80C302F
:10FD50001B2A3BD808340BF1100322681A60626832
:10FD60005A60A2689A6034465746D9464AE7214607
:10FD7000FCF744FC2FE7DCE902133A1FCB609960E3
:10FD8000D5E73346E9E721463046FCF737FCEAE79A
:10FD9000A3688360E368C360242A27D004F11002BB
:10FDA00000F1100311E709EB05019960531B43F0C3
:10FDB00001034B6054F8043C03F001032B4340461D
:10FDC00044F8043CFCF7F2FC26462FE7A368CBF886
:10FDD0001030E368CBF81430242A10D010340BF123
:10FDE0001803BAE74046FCF7E1FC04E72369036126
:10FDF0006169416104F1180200F11803E5E6236925
:10FE0000CBF818306369CBF81C3018340BF12003A1
:10FE1000A3E7324660E721463046FCF7EFFB074B8D
:10FE200060E7A168CBF81010E168CBF81410242A21
:10FE300006D010340BF118024EE700BFD8000020A6
:10FE40002269CBF818206269CBF81C2018340BF11A
:10FE5000200241E72DE9F04FBDB0CDE906031C4675
:10FE60000491914618B1836B002B00F03582049AFF
:10FE7000536EB2F90C20D80702D4910540F1B08539
:10FE8000130740F1EE80049B1B69002B00F0E98012
:10FE900002F01A030A2B00F0F38013AB1093002337
:10FEA000CDE91133CDE90B3309930DF14C0A0A93D7
:10FEB000039399F80030002B00F0C3814C4604E016
:10FEC00014F8013F002B00F0F980252BF8D1B4EB9A
:10FED000090540F0F7802378002B00F0B2814FF045
:10FEE00000034FF0000B62788DF83B30CDF808B07E
:10FEF00004F101094FF0FF3809F10109A2F12003D3
:10FF00005A2B00F20C81DFE813F0EF020A010A011C
:10FF1000EA020A010A010A016A000A010A01DF0273
:10FF2000D9020A01D400C0020A01BB025B005B00D7
:10FF30005B005B005B005B005B005B005B000A0139
:10FF40000A010A010A010A010A010A010A010A0159
:10FF5000D90185000A010A010A010A010A010A0100
:10FF60000A010A010A010A0147020A010A010A01FB
:10FF7000BC010A0111020A010A0173050A010A0102
:10FF80000A010A010A010A010A010A010A010A0119
:10FF9000D90187000A010A010A01AE028700800028
:10FFA0000A01A1020A0193026905FA0280000A010E
:10FFB000BC017D0067050A010A0191050A017D0067
:10FFC000A2F13003002119F8012B01EB810103EBB1
:10FFD0004101A2F13003092BF5D902918EE7069D6C
:10FFE0002846FFF7A3F843680B931846F0F708F983
:10FFF0000C9004462846FFF799F883680A93002C72
:020000040801F1
:1000000040F0CB8499F8002076E799F800204BF077
:10001000200B71E74BF0100B1BF0200F00F022813A
:10002000079B073323F0070319465A6851F8083B2A
:1000300007911146002AC0F25B81B8F1FF3F00F042
:10004000628153EA01022BF0800B40F05C81B8F131
:10005000000F40F07C85CDF80480CDF814803CACD6
:1000600091E1049D0698294600F00EFE002840F01C
:100070009385B5F90C2002F01A030A2B7FF40DAF1B
:100080000499B1F90E30002BFFF607AF4B6EDD0778
:1000900002D4900540F15E850499069823464A46AD
:1000A0003DB0BDE8F04F00F0A1BD029A0793524267
:1000B000029299F800204BF0040B1DE7B4EB090500
:1000C00000F0BF80119B129A01332A44072BCAE922
:1000D00000951292119305DC0AF1080A039B2B4448
:1000E0000393F8E61AB911920DF14C0AF6E7049958
:1000F000069810AA00F06CFF0023CDE91133002808
:10010000F2D0049B5A6EB3F90C30D10740F1A080B5
:100110005B0600F14D8503983DB0BDE8F08F002AE5
:1001200000F08F8000238DF83B3001238DF88C2068
:100130000193059323AC4FF000081BF0020602D098
:10014000019B02330193DDE911201BF0840302F1CE
:10015000010C6146089305D1DDE901535D1B002DBB
:1001600000F336839DF83B50002D00F0FB810DF12C
:100170003B020130CAF8002007294FF00102CDE907
:100180001110CAF8042040F3E98148B110AA04997B
:10019000069800F01DFF0022CDE911220028B0D101
:1001A000002E00F0F28102200FAB14901393012176
:1001B0000DF14C0A0A460AF1080A0131089B802B0E
:1001C00000F0ED81059BA8EB0307002F00F33082C0
:1001D000059BCAF8004018440729CDE91110CAF858
:1001E000043040F37482002840F0CF8211901BF05D
:1001F000040F00F0AC82DDE901239C1A002C129858
:100200000DF14C0A00F36F82DDE9022301998A4265
:10021000ACBF9B185B18039350B10499069810AAC1
:1002200000F0D6FE0023CDE9113300287FF469AF3A
:100230000023119399F800300DF14C0A002B7FF444
:100240003DAE129B002B40F094840023119358E79D
:100250009A053FF55DAF049CA06D03F07CF9B4F9FD
:100260000C3055E7079A1BF0100F52F8043B079229
:1002700039D11BF0400F32D043F3C0310A461BB2D4
:10028000D8E6079D55F8044B00268DF83B60002CFE
:1002900000F03584B8F1FF3F00F0FD83424631465F
:1002A0002046F0F78DF9002800F05984031B0593D0
:1002B00023EAE3730795B046019364E0079B0022AD
:1002C0008DF83B2053F8042B079301238DF88C20E5
:1002D0000193059323AC2EE700F0F4FDC7E51BF472
:1002E000007F40F02984D9170A46002ABFF6A5AE40
:1002F0005B4261EB41012D22B8F1FF3F8DF83B20BD
:1003000001D02BF0800B0A2B71F1000280F0E38208
:100310003033DBB28DF8EF304346012BB8BF0123F9
:100320000193012305930DF1EF042CE04BF0100233
:1003300012F0200100F0C082079B073323F007036F
:100340001846596850F8083B07900020B8F1FF3F65
:100350008DF83B0000F0CC8353EA010022F0800BC3
:10036000D1D10120B8F1000F38D100287FF473AE4D
:1003700012F00102059200F0FD8230238DF8EF307B
:1003800001920DF1EF049DF83B30002B3FF4D5AE08
:10039000019B01330193D0E64BF0100212F02001D3
:1003A00000F07B82079B073323F007031846596848
:1003B00050F8083B07900020B8F1FF3F8DF83B0054
:1003C00022F4806B12D022F4906453EA010240F0D0
:1003D0008D835A46A346B8F1000FC6D0012800F01D
:1003E000B68300230228194600F0DC813CAC03F000
:1003F0000702DB0843EA4173C908303253EA0105BA
:10040000204604F8012DF2D11BF0010F00F0D88135
:10041000302A00F0D5813023023804F8013C3CAB8F
:100420001B1A43450593B8BF434604460193AAE708
:100430001BF0200F00F0BF82079B039A1B681A6015
:10044000D2175A60079B0433079332E599F80020CE
:100450006C2A03BF99F801204BF0200B09F1010928
:100460004BF0100B48E599F80020682A03BF99F873
:1004700001204BF4007B09F101094BF0400B3BE5F7
:1004800099F800204BF0800B36E5494611F8012B16
:100490002A2A00F09F83A2F13003092B89464FF0EE
:1004A00000083FF62BAD19F8012B08EB880803EB89
:1004B0004808A2F13003092BF5D91FE52B2399F841
:1004C00000208DF83B3017E5079B53F8042B029270
:1004D000002AFFF6EAAD99F8002007930CE599F899
:1004E00000204BF0010B07E59DF83B3099F8002008
:1004F000002B7FF401AD20238DF83B30FCE4079AFC
:1005000052F8043B079247F63002ADF83C20B74A58
:1005100009924BF0020B00214FF00002B8F1FF3FAF
:100520008DF83B2000F03E8153EA01022BF0800061
:1005300040F037815A468346022013E7002840F0F6
:100540008B829DF83B200121002A00F081820DF171
:100550003B02149113920DF14C0A08460A460AF127
:10056000080A0131002E3FF429AE0FAB0230CAF861
:10057000003007294FF00203CDE91110CAF804300A
:100580007FF718AE002840F07C81089B0022802B6A
:100590004FF0010110460DF14C0A7FF413AEDDE976
:1005A00001535F1B002F7FF70DAE102F40F3F18238
:1005B000D6468F4DCA460026C146A046069C07E097
:1005C000103F102F02F1020C0EF1080E0A4617DD43
:1005D000511C103010230729CDE91110CEF800501E
:1005E000CEF80430ECDD10AA002840F0B980103FAE
:1005F0000022102F4FF0010C10460DF14C0EE7DCDD
:100600004446C846D146F2463844BCF1070FCAE911
:100610000057CDE911C000F3B181059BA8EB03079A
:10062000002F0AF1080A0CF1010162467FF7D0ADF4
:100630006F4D102F2ADD2B46D4462546069EDDF849
:1006400010A04FF010081C4607E0103F102F02F1D9
:1006500002010CF1080C1A4614DD531C1030072B54
:10066000CCE90048CDE91130EFDD10AA002840F0B8
:100670008180103F0022102F4FF0010110460DF134
:100680004C0CEADC2346E2462C461D46384407293A
:10069000CDE91110CAF80050CAF8047003DC0AF161
:1006A000080A013194E550B10499069810AA00F0A7
:1006B0008FFC0023CDE9113300287FF422AD05988B
:1006C000139401231490129011930DF14C0A1BF016
:1006D000040F3FF499ADDDE901239C1A002C0AF1C7
:1006E000080A7FF791AD102C119A40F34F82414FC9
:1006F000069EDDF810B010254FF0000807E0103C12
:10070000102C02F102010AF1080A1A4614DD531CEA
:100710001030072BCAE90075CDE91130EFDD10AAC2
:10072000002840F0A480103C0022102C4FF0010162
:1007300010460DF14C0AEADC20440729CAE900748E
:10074000CDE911107FF760AD002840F09781DDE919
:10075000022301998A42ACBF9B185B18039367E59B
:100760000499204600F034FCCDE9116600283FF4DE
:100770003EAFC6E45146304600F02AFC0023CDE9E6
:10078000113300283FF475AFBBE40499069810AA12
:1007900000F01EFC0023CDE9113300283FF427AD03
:1007A000AFE4834609983CAC03F00F021B09825C5E
:1007B00004F8012D43EA0173090953EA0102F3D158
:1007C0003CAB1B1B43450593B8BF43460193DAE599
:1007D000102D40F3CB810D96D446064F049ECA4699
:1007E0001023C146A046089C0FE000BF0860010826
:1007F000BC610108CC610108103D102D02F1020E10
:100800000CF1080C0A4613DD511C10300729CCE905
:100810000073CDE91110EFDD10AA3146F0B9103D9B
:100820000022102D4FF0010E10460DF14C0CEBDCA8
:100830000D9E4446C846D146E2462844BEF1070F05
:10084000CDE911E0CAF80070CAF804503FF776AE5F
:100850000AF1080A0EF10101724683E4069800F0DD
:10086000B7FBCDE9114410230028D8D049E45946FC
:10087000304600F0ADFBCDE9118800283FF453AFBE
:100880003FE40499069810AA00F0A2FB0023CDE9EA
:10089000113300283FF479AE33E4079850F8043B55
:1008A000079012F010007FF486AD12F0400400F0C3
:1008B00036819BB201467EE5079850F8043B0790CD
:1008C00012F010007FF441AD12F0400400F02D81D1
:1008D0009BB2014639E5CDF81480B84FDDF8288089
:1008E000CDF804B00BF480664FF0000C3CAC05E092
:1008F0000A2B71F1000136D35B4629465A1842F1A2
:100900000002A7FB020525F0030000EB9500121A78
:10091000981A4FF0CC3561F1000E05FB00F507FB8E
:100920000E55A0FB07B005440BF0010E0520AEFBF1
:10093000000E80184FEA5B0B303004F8010C4BEAD4
:10094000C57B0CF1010C013C6D08002ED0D098F84D
:1009500000206245CCD1BCF1FF0FC9D00A2B71F148
:10096000000180F0B480CDF82880DDF804B0DDF817
:10097000148025E7CDF804803CAC04E5002840F065
:100980009480059BA8EB0307002F7FF798AE00200B
:10099000024601210DF14C0A4BE60A9B99F8002012
:1009A000002B3FF4A9AA1B78002B3FF4A5AA4BF417
:1009B000806BFFF7A1BA1BF0100F40F09B801BF07B
:1009C000400F40F0BF801BF4007F00F09380079B36
:1009D000039A1B681A7035E55A46A9E45A46DDE4C5
:1009E000049DA86D02F0B1FDB5F90C20FFF748BADF
:1009F000734B09931BF020011DD0079B073323F095
:100A000007031846596850F8083B07901BF0010F80
:100A100009D053EA010006D08DF83D2030224BF07A
:100A2000020B8DF83C202BF4806B75E5654B099328
:100A30001BF02001E1D1079850F8043B07901BF010
:100A40001000E3D11BF0400463D09BB20146DDE708
:100A500010460DF14C0A85E510AA0499069800F09D
:100A6000B7FA0022CDE9112200287FF44AAB9DF8A5
:100A70003B200121002A7FF46AADE9E7049906983A
:100A800010AA00F0A5FA0023CDE9113300283FF4A5
:100A90005EAEFFF736BB20460795EFF7B1FB20EAC5
:100AA000E073B046059001936DE40499069810AA8E
:100AB00000F08EFA0023CDE9113300287FF421AB3A
:100AC000059BA8EB0307002F7FF7F9AD5FE70C9BB1
:100AD0000B99E41A1A462046FBF7CCFF98F8013030
:100AE0000BB108F101084FF0000C05E7A3467DE4C7
:100AF000934608E4079B039A1B681A60A2E44346E6
:100B0000062B28BF0623304C059307950193FFF76A
:100B100012BB1BF400711CBFDBB2214676E712F456
:100B200000711CBFDBB2214645E412F400713FF4B2
:100B30000CACDBB2214608E443F3C0110A465BB2B9
:100B4000FFF778BA079B039A1B681A807AE4302370
:100B5000FFF7E0BB886D02F0FEFCFFF79DBACDF811
:100B60000480CDF81480079580460CE4174FE646C4
:100B700063E60499069810AA00F02AFA0023CDE94A
:100B8000113300283FF461ABFFF7BBBA0F4F511C84
:100B9000D2E50F4D8C4637E5049B5B6EDF0707D42B
:100BA000049B9B899E0503D4049B986D02F0D3FCA3
:100BB0004FF0FF330393FFF7AEBA00BFCDCCCCCCE0
:100BC0001C6001080860010830600108CC61010860
:100BD000BC610108079B99F80120894653F8041B62
:100BE000079341EAE178FFF787B900BFF0B51F46E8
:100BF0008B89ADF26C4D23F00203ADF80C304B6ED7
:100C00001993CB89ADF80E30CB6907934B6A0993E2
:100C10001AAB009304934FF4806315460646029383
:100C2000059316A800230C46069302F082FC2A4680
:100C30003B4669463046FFF70DF9051E07DB69465E
:100C4000304600F00BF9002818BF4FF0FF35BDF813
:100C50000C305B0603D5A38943F04003A3811698AB
:100C600002F071FC28460DF26C4DF0BD49B1FF2A2F
:100C700002D80A70012070478A2303604FF0FF30CA
:100C800070470846704700BF38B52F4B1B680546B4
:100C90000C460BB19A6B02B3B4F90C30180723D58C
:100CA00022695AB313F0010107D06169002049425B
:100CB000A060A1613AB1002038BD980758BF6169B2
:100CC000A160002AF7D1190658BF1046F4D543F0A9
:100CD0004003A3814FF0FF3038BD184600F0F2F812
:100CE000B4F90C301807DBD4D90628D55A0712D42A
:100CF000226943F00803A381002AD3D103F42071B1
:100D0000B1F5007FCED02146284600F001FBB4F9B2
:100D10000C302269C6E7216B51B104F140029142C7
:100D200004D02846FEF704F9B4F90C3000222263FF
:100D300022690021C4E9002123F02403D9E7092214
:100D40002A6043F04003C4E720080020F8B5B1F959
:100D50000C30074618070C4639D44A68002A53DD80
:100D6000A56A002D31D000223E683A6013F480520B
:100D7000E16955D101233846A847411C02465ED09F
:100D8000B4F90C30A56AE1695B0705D56368D21A2E
:100D9000236B0BB1E36BD21A00233846A847451CDE
:100DA00040D00023636023692360A389D90400D560
:100DB0002065216B3E6041B104F14003994202D0AD
:100DC0003846FEF7B5F8002323630020F8BD0E690E
:100DD000002EFAD09B070D6808BF4B690E6018BF44
:100DE0000023AD1B8B600CE0D4F824C0E1692B46D6
:100DF00032463846E047B0F1000CA5EB0C056644DE
:100E000006DD002DF0DCE0E7CA6B002AA8DCDCE799
:100E1000B4F90C3043F04003A3814FF0FF30F8BD2C
:100E2000226DB1E73A68B4F90C308AB11D2A01D0BD
:100E3000162AEFD123690022C4E90032B9E73B68E2
:100E4000002B9DD01D2B01D0162BE1D13E60BCE7BD
:100E5000626022692260DA04AAD4AAE738B50C4697
:100E6000054608B1836BA3B1B4F90C00B8B1636E49
:100E7000DB0701D4810515D528462146FFF766FF1B
:100E8000636EDA07054602D4A3899B050ED5284672
:100E900038BD00F017F8B4F90C000028E7D105467A
:100EA000284638BDA06D02F050FBE5E7A06D02F0CA
:100EB00052FB284638BD00BF014900F005BA00BF0B
:100EC0005D0E01082DE9F0478246394802F03DFBEE
:100ED000DAF83840002C66D1DAF80450354ACAF8FE
:100EE0003C200323CAE95343DFF8CC90DFF8CC80E1
:100EF000334F344E04230AF5AC72CAF8542121460C
:100F0000EB60C5E90044C5E90444AC606C660822A6
:100F1000AC6105F15C00FBF7F1FBC5E90759C5E9D8
:100F20000987EE6205F1580002F003FBDAF8085079
:100F3000254BEB602146C5E90044C5E90444AC609B
:100F40006C66AC61082205F15C00FBF7D7FBC5E9D4
:100F50000759C5E90987EE6205F1580002F0E9FA80
:100F6000DAF80C50194BEB602146C5E90044C5E99D
:100F70000444AC606C66AC61082205F15C00FBF7D0
:100F8000BDFB05F15800C5E90759C5E90A76C5F862
:100F9000248002F0CEFA0123CAF838300448BDE8B4
:100FA000F04702F0D8BABDE8F047014802F0D3BAE2
:100FB000780A0020B90E0108D5130108F9130108B9
:100FC000391401085D140108090001001200020033
:100FD0009368002B00F0F6802DE9F04FB1F90CC0BA
:100FE0001CF0080F83B0904681460C4631D00B6947
:100FF0007BB31CF00207D8F8006038D00027D4F883
:1010000024B0E169DFF8BCA23D4655452B463A467F
:1010100028BF53464846C5B1D847002840F3C8808A
:10102000D8F808301B1A07442D1AC8F80830002BCE
:1010300000F0B48055452B46D4F824B0E16928BFB0
:1010400053463A464846002DE6D1D6E900750836A3
:10105000DBE721464846FFF717FE002840F0AD8049
:10106000B4F90CC0D8F800601CF00207C6D11CF01F
:10107000010A63D12368A168574618468B46002FA2
:1010800058D01CF4007F00F0B180B9420A4600F24B
:10109000DD801CF4906F2FD0216962695D1A02EB2C
:1010A000420202EBD2726B1C52103B44934292BF3D
:1010B00093469B461A461CF4806F00F0E68011466A
:1010C0004846FAF7AFFF002800F0F5802A4621696C
:1010D0000190EFF7C5FAA289019B22F4906242F0D9
:1010E0008002A2815819ABEB0505C4F814B0236146
:1010F000A5602060BB463A4651460192FBF77EFA56
:10110000A1682368019AA1EB0B011A443D46A16036
:1011100022600027D8F808305B1BAA44C8F80830C2
:10112000002B3BD02368A168B4F90CC018468B464D
:10113000002FA6D1D6E900A708369EE73846BB4661
:101140003D46002D40D0002845D03A46D4E904C39E
:101150002068A168AA4228BF2A46604504D901EB4D
:10116000030A524500F38280934272DCE169D4F8AD
:1011700024C05A464846E047B0F1000A18DDB7EBF4
:101180000A070FD00120D8F80830A3EB0A03D34494
:10119000A5EB0A05C8F80830002BD2D1002003B017
:1011A000BDE8F08F21464846FFF758FE0028EAD0F8
:1011B000B4F90C3043F04003A3814FF0FF3003B08B
:1011C000BDE8F08F00207047756833460836002D63
:1011D000FAD0D3F800B02A460A215846EFF7F0F9C2
:1011E000002865D00130A0EB0B07AEE722699A42D8
:1011F00014D36269BA4211D86FF00043BB4228BFD2
:101200003B46656A93FBF2F3E16902FB03F3484650
:101210005246A847051ECBDD7F1B7BE7B94228BF9E
:1012200039460D4618460A465146FBF7E7F9A168CC
:101230002368491B2B44A16023600029ECD121467F
:101240004846FFF70BFE0028E6D0B1E7BB463A461A
:1012500052E759460192FBF7D1F9019AA3689B1A0C
:10126000A360236813442360924688E75946524698
:10127000FBF7C4F923685344236021464846FFF72F
:10128000EDFD00283FF47BAF92E74846FEF740FCB7
:10129000034600287FF426AF21694846FDF748FE43
:1012A000B4F90C300C2223F08003C9F8002081E748
:1012B0006A1C17464AE70C22B4F90C30C9F8002022
:1012C00078E700BF00FCFF7F2DE9F843074688461A
:1012D00000F5A6764FF00009D6E90154013D11D47E
:1012E000A389012B05F1FF3508D9B4F90E3001337C
:1012F000214603D03846C04749EA00096B1C04F177
:101300006804EDD13668002EE6D14846BDE8F88382
:10131000F0B5B1F90C300C46990797B007D504F138
:1013200043030122C4E90432236017B0F0BDB4F9CD
:101330000E10002905462EDB6A4600F0BBF8002897
:1013400027DB019E06F470464FF48067A6F5005631
:10135000B6FA86F6394628467609FAF763FE38B3B8
:10136000A3891B4AEA6343F08003C4E90407A3810D
:101370002060002ED9D0B4F90E10284600F0B0F845
:101380000028D2D0A38923F0030343F00103A381F3
:10139000CBE7B4F90C3013F0800F0CBF4FF480672B
:1013A0004027394628460026FAF73CFE0028D7D1C8
:1013B000B4F90C309A05B8D423F0030304F14302C6
:1013C00043F002030121C4E90421A3812260ACE7B8
:1013D000B90E010810B50C46B1F90E1000F0A8F8CE
:1013E000002803DB236D0344236510BDA38923F488
:1013F0008053A38110BD00BF2DE9F0410C46B1F927
:101400000C101F46CB05054616460BD421F480511F
:10141000A1813B46B4F90E1032462846BDE8F041A2
:1014200000F020B8B4F90E100223002200F06AF890
:10143000B4F90C10EAE700BF10B50C46B1F90E1074
:1014400000F060F8B4F90C30421C0EBF23F4805356
:1014500043F480532065A38110BD00BFB1F90E1085
:1014600000F016B838B50C46084D844611462046A3
:101470001A4600232B60644602F048F8431C00D053
:1014800038BD2B68002BFBD0236038BD60220020C4
:1014900038B5074D0022044608462A6002F03AF8A3
:1014A000431C00D038BD2B68002BFBD0236038BD17
:1014B0006022002070B50C46084D034600262046E9
:1014C00011461C462E6002F02FF8431C00D070BD60
:1014D0002B68002BFBD0236070BD00BF6022002072
:1014E00038B5074D0022044608462A6002F017F876
:1014F000431C00D038BD2B68002BFBD0236038BDC7
:101500006022002038B50C46084D8446114620461E
:101510001A4600232B60644601F0FFFF431C00D0F5
:1015200038BD2B68002BFBD0236038BD6022002023
:1015300038B50C46084D8446114620461A4600230D
:101540002B60644601F0DEFF431C00D038BD2B68E1
:10155000002BFBD0236038BD602200207047F0B420
:1015600003460A461979DB8800681343DC02876862
:10157000066906D513F4402F03D0DA0748BF83F479
:101580004023346801258D4023F48012DB074CBFD3
:101590002C43AC4334603B68F0BC184700EBC100FF
:1015A000408840087047F8B50346FFF7F7FFB0FAE8
:1015B00080F0C0F11F0003EB800CCA00DCF8106063
:1015C000171D0C4606328DB256B9012101FA00F002
:1015D000D9680143D960CCF81040DD539D52F8BD65
:1015E000F1000431585AD85303EBC0009E52C58015
:1015F0005D52F4E710B500EBC104E388994202F1B3
:1016000004010AD1012303FA02F2C36823EA0203A8
:10161000C360002340F8213010BDA28840F821307B
:1016200000EBC20100EBC300CB808280F4E708B579
:101630000346FFF7B3FFB0FA80F2C2F11F0218466B
:10164000BDE80840FFF7D6BF2DE9F843B1FA81F5B0
:10165000C5F11F0900EB89080346D8F810200E4693
:10166000C2B10327D8F8104018462146FFF796FF6D
:10167000B04206D34A461846FFF7BCFF2046BDE8F5
:10168000F88303EBC404013FE088C8F8100001D0E0
:101690008242E7D1C5F120024FF0FF349440DA686E
:1016A0001440EBD094FAA4F2B2FA82F2111D53F86E
:1016B00021402146DFE738B50346FFF76FFF0D46AF
:1016C000044611461846FFF769FF03EBC5050444BD
:1016D000600068801846FFF761FF014423F831403D
:1016E00038BD38B50346FFF759FF0C46A51A511A05
:1016F00003EBC40405444800608003EBC2006C00A7
:10170000448023F8321018461146FFF747FF014482
:1017100023F8315038BD38B50546FFF73FFF0C467A
:10172000014405EBC1035B88DA070AD42846FFF7BA
:101730007EFF21462846FFF731FF22182846FFF793
:10174000BAFF35F83410611A05EBC1035B88DB077B
:101750000CD42846FFF76BFF35F834102246611A87
:101760002846FFF7A8FF35F83430E41A214628460A
:10177000BDE83840FFF717BF61B100680439091AA6
:1017800021F007030344C9085A8822F001025A8055
:10179000FFF7C1BF704770B5056809B9002070BD7B
:1017A00001F007030B33CC0804EBD304AB689C4275
:1017B00028BF1C4621462846FFF746FF064600285C
:1017C000ECD001462846FFF7E9FEA04207D93219BE
:1017D0002846FFF786FF11462846FFF7E4FE05EB93
:1017E000C6021046538843F0010353800430D6E705
:1017F0001146FFF7D0BF043A2DE9F041CC1D11444A
:1018000024F0070421F007010E1BF708B7FA87F24E
:10181000C2F12405AD004FF000080735C2F12002E7
:10182000ED0804604146A760C4F80C80920004F102
:101830001000FAF763FF6B0043F00103638004EBD1
:10184000C5027B1B5900A4F800805180A21924F81E
:101850003550A2F80280A35304EBC70329465A88E7
:1018600042F001025A802046BDE8F041FFF79BBEDE
:101870002DE9F04706460D46174698462BB398F8D3
:10188000004093F80190DB78A40004EB430498F83F
:1018900002301C4444444FF0000ACA4509D3D8F82A
:1018A000042008F1080339463046AC46BDE8F0474D
:1018B000604714F8013B48F823402046EEF7A0FCAF
:1018C000013004440AF1010AE7E76FF01500BDE8B2
:1018D000F08770B5002502462846144614F8013BEF
:1018E0000BB9184609E098B18D4207D1702B04D08E
:1018F000A3F140023A2A0BD8002070BDA3F14006A4
:101900003A2E05D853780135941C002BE9D00020DD
:10191000252B08BF80F001002246DEE7F0B4D0E9B5
:101920000032002AD1E9005416DA002C08DA5F42AE
:101930004FF0004666EB0206BD4274EB06061ADB6A
:101940005B1942EB0402C0E9003283688A681344E1
:101950008360F0BCF2F7A4BB53EA0206F0D0012D7D
:1019600074F10006ECDBDE43AE426FF00046A6EBFE
:101970000206A641E3E70020F0BC70470020704754
:1019800030B50C688B6814B14A689A4202DC0133A6
:101990008B6030BD013A9A4214BF05460025E554DC
:1019A0008B68F4E70FB407B504A951F8040B019153
:1019B00000F069FB03B05DF804EB04B070470CB4B1
:1019C00007B504AB53F8042B0193F1F7C1FE03B044
:1019D0005DF804EB02B07047044608B508461146AE
:1019E0001A46A047F9F78EFDF6F70AFB2DE9F041FC
:1019F0000746884615461E461446B44205D30EB126
:101A0000601B08E02378002BFAD014F8010B414644
:101A1000B8470028F1DABDE8F08110B50369024645
:101A200013F0080009D11368D4689C4297BF126A6A
:101A3000E31AD31A01200B6010BD00231846FAE701
:101A400013B501A90446FFF7E8FF20B1019BE26846
:101A5000013B13440193206A019BC01A013802B074
:101A600010BD10B5044650182269236AD20702D56A
:101A7000013B184010BD984228BFC01AFAE710B5C4
:101A800004460A46C168FFF7ECFF2369E06023F0D3
:101A90000803236110BD38B50D46C2698B0001688B
:101AA00043F0020342F82130044601682A46FFF75A
:101AB000D8FFE36861682060984202BF236943F061
:101AC000080323612A462046FFF7CBFF606038BD3C
:101AD0002DE9F74FC768C6699B4606EB870300935D
:101AE00016F8273003F00303022B0446884691467C
:101AF0004FF000030BD01360CBF8003023699B0735
:101B000013D44FF0000A504603B0BDE8F08F56F8EA
:101B1000271013608908CBF80030EFD0FFF7AFFF34
:101B2000E368A3604FF0010AEDE7A36906EB8700C5
:101B3000984716F8272012F0010A0546E1D012F066
:101B400002021FD0B8F1000F03D041462046FFF734
:101B5000A2FF61682A462046FFF783FFD4E90221ED
:101B60009142606006D12A462046FFF77AFF4FF087
:101B7000000AA060A2682260E260226942F00802C6
:101B80002261C0E7014620460192FFF778FFE36833
:101B9000A360B8F1000F04D02168E369019A43F80B
:101BA000212005EB0802CBF8002021682046FFF732
:101BB00058FF2369206043F00803236116F827309B
:101BC0006FF3000306F82730009BC9F80030A9E73F
:101BD00070B504461546FFF744FF2368834205D1DC
:101BE0002369216023F00803236170BDE269AB0023
:101BF00043F0020342F82130204661682A46FFF78D
:101C000030FF6060F1E738B503695B07044606D52D
:101C1000456AFFF715FF85422CBF6562606238BDDB
:101C200038B50D4604461C220021FAF767FDEB6823
:101C3000A361AB6863612B68E3616B682362002278
:101C400062622A6923B1591E194208BF42F001029B
:101C50002261012204F128000021BDE8384002F091
:101C6000DFBB2DE9F04F87B000250093036A039591
:101C70008B4204460E4692460595A94639D3EFF3AA
:101C8000118B102383F31288BFF36F8F059AD84608
:101C90002AB129462046FFF79BFF0023059304A99C
:101CA0002046FFF7BAFE0499B14207462AD32268BC
:101CB000E36913F8221021F0030103F8221003EB6B
:101CC0008209216832462046FFF7CBFEE368206098
:101CD000984212D0002788F31188BFF36F8F0399C1
:101CE00029B162690AB12046904700230393002F6F
:101CF000C5D1484607B0BDE8F08F236943F008031B
:101D00002361E7E718B12046FFF7C5FEE3E7009B34
:101D10005AEA03021CD0019102F0CDFB0199B8B937
:101D2000BBF1000F14D187F31188BFF36F8F009BB5
:101D3000524604F12800F8F7F3FDEFF31188102361
:101D400083F31288BFF36F8FB0FA80F77F09C2E781
:101D500005AB03AA20462568FFF7BAFE0746BAE797
:101D600070B50446836908460D4698470246EFF36E
:101D70001186102383F31288BFF36F8F2B7843F003
:101D800001032B7061682046FFF76BFE6060204600
:101D9000FFF739FF86F31188BFF36F8F70BD2DE910
:101DA000F041044610270020EFF3118687F31288D4
:101DB000BFF36F8F236913F0080FA36802D1626825
:101DC000934200D9226AE169D21A5AB986F311887E
:101DD000BFF36F8F18B104F12800F8F76DFD4FF0D5
:101DE000000834E011F8232012F0030501EB83080A
:101DF000ECD0022D03D151F82350AD0805D1D00706
:101E000013D4A369404698470546A1682A46204650
:101E1000FFF727FE2946A0602046FFF730FE86F335
:101E20001188BFF36F8F0120BEE742F0020201F874
:101E300023204046A369A5689847294602462046C4
:101E4000FFF70FFEA06086F31188BFF36F8F404647
:101E5000BDE8F081F8B50446836908460D46984709
:101E60000646EFF31187102383F31288BFF36F8FB9
:101E70002B786FF300032B7023699B0705D5E2686D
:101E8000E36903EB82039D421AD12B786FF3410380
:101E90002B70D4E90231994204D132462046FFF733
:101EA000E0FDA06031462046FFF7E9FD87F3118889
:101EB000BFF36F8F04F12800BDE8F840F8F7FCBCD1
:101EC0002B6860F39F032B60F0E7EFF31181102381
:101ED00083F31288BFF36F8F036913F0080F8368D1
:101EE00002D14268934200D9026AD31A81F3118861
:101EF000BFF36F8F181E18BF0120704738B5F2F777
:101F000057F805460C4601F028FB002303602146E4
:101F1000284638BD70B50C8806468888241A306972
:101F2000A4B2844285B224BF641BA4B22D1BA8B204
:101F3000984228BF18463368234413600B88034433
:101F40000B8070BD70B4838985880669ED1AADB2C7
:101F5000731B934228BF134670BC0A46011DFFF74E
:101F6000D9BF70B40E460146C58831F80A3FEC1A55
:101F7000A3B2934228BF1346324670BCFFF7CABFD4
:101F800010B54B880C88E41AA4B294420ED31A44BC
:101F900092B28B884A800A800069D21A92B2824239
:101FA00001D2002010BD03448B80FAE76FF01500CA
:101FB000F8E72DE9F34106460F4615464FF00008B5
:101FC0002A4601A93046FFF7BDFF044640B102464C
:101FD00039460198EEF744FB2D1BA0442744EFD16E
:101FE0004246311D3046FFF7CBFF404602B0BDE808
:101FF000F0812DE9F34107460E4615464FF00008E3
:102000002A4601A93846FFF7ACFF044648B12EB175
:10201000024601993046EEF723FB26442D1BA044CF
:10202000EED1424607F10A013846FFF7A9FF4046C4
:1020300002B0BDE8F081704703785B075FBF0368BB
:102040004288C3F34A2303EB12105DBF173020F020
:102050000700800800207047002070470346BFF348
:102060005B8F53E8000F421C43E800210029F8D1A0
:10207000BFF35B8F704708B502F0C9FB0A2200234B
:10208000EFF7F0FA08BD1FB50023CDE90201CDE955
:1020900000331A4619461846F2F754FD05B05DF8AC
:1020A00004FB0120F2F710BA0020704718B1406815
:1020B0000079F2F723BC4FF0FF30FAE738B54368F8
:1020C00004460D46DA711146F2F776FC63681D602E
:1020D000636801225A71BDE83840F2F7E7B910B5DC
:1020E00043685B79044613B10021F2F765FC63682D
:1020F00000225A7110BD70B515460C4669B1D2E97F
:1021000001369B1B99420AD813680A460146981962
:10211000EEF7A6FAAB682344AB60204670BD6FF0C3
:102120001B00FBE770B50E4615461946044618B964
:10213000BDE87040F2F7C8B933B1C2F34A2310309A
:10214000120D1844EEF78CFAC4E900562046BDE89B
:102150007040F2F779BB2DE9F3415F1C4FEA870825
:10216000064608F1170020F0070080080C461546C7
:10217000F2F72EFA0023ADF805308DF807308DF810
:10218000047068B10346019A43F8102FA8F10401C6
:102190002A46294452F8045B43F8045F8A42F9D185
:1021A000A20102F4E07242EA482222F07F4222F4C5
:1021B0007002002322F03F02314602B0BDE8F04138
:1021C000FFF7B0BF07B50123019201AAFFF7C3FFD4
:1021D00003B05DF804FB07B5CDE9002302236A468E
:1021E000FFF7B9FF03B05DF804FB1FB5CDE901238C
:1021F000069B039301AA0323FFF7ADFF05B05DF82B
:1022000004FBF8B506460D4614461F4604B9F8BD52
:10221000214628463A46B047241A0544F6E710B549
:10222000426881680446D2E900230068FFF7E9FFAD
:10223000636800221A6010BD13B500240094F1F702
:1022400001FB02B010BD38B54B681A68CB689A42E2
:1022500005460C4602D10846FFF7E1FF6368BFF36D
:102260005B8F53E8002F511C43E800100028F8D181
:10227000BFF35B8FA3689D54002038BD0A2838B592
:1022800004460D4602D10D20FFF7DDFF294620460A
:10229000FFF7D9FF002038BD2DE9F043054687B090
:1022A00008460E8891F80090D1F808800C46174631
:1022B000F2F7A0FC011EC6F38216C9F3C2091EDBA9
:1022C0004846F2F7D3FA03462146608851F8102BAE
:1022D0000196C2F34A22002A01EB0204C0F30B105C
:1022E00008BF00210022CDE90407CDE902140092C5
:1022F00041462846F2F7AAFC07B0BDE8F083002368
:10230000E2E70B68834204BF01230B71704710B5ED
:102310008EB0044669460120F1F7A2F905A9684686
:10232000F9F78EFD204605A9F3F72AF900200EB033
:1023300010BD03785B075FBF03684288C3F34A237D
:1023400003EB12105DBF173020F00700800800205B
:10235000704783681B6A03B11847704708B5436824
:10236000197311B11868FFF7F4FF002008BD10B50C
:10237000406824301C46FFF73CFE2060002010BD62
:1023800010B5406850F8804B02F095FA2046FFF7F0
:10239000E0FFA368DB6A0BB120469847002010BD20
:1023A0002DE9F04145681E462B7B0C46174693B13C
:1023B00001EB0208A04507D13760D5E901310120C2
:1023C00098470020BDE8F081286814F8011B836855
:1023D0005B689847EEE705F11000FFF7EAFD05F1AD
:1023E000B80330600121BFF35B8F53E8002F43E84F
:1023F00000100028F9D1BFF35B8F002AE1D12868D3
:102400008368DB69002BDCD09847DAE78268002319
:1024100082F856308268A2F852308268A2F85030B2
:10242000704710B50346BFF35B8F53E8000F40EAD7
:10243000010243E80024002CF7D1BFF35B8F10BDED
:1024400010B50346BFF35B8F53E8000F00EA0102AB
:1024500043E80024002CF7D1BFF35B8F10BD0EB40E
:1024600003B503AA52F8041B0192F4F743FB02B030
:102470005DF804EB03B0704708B510B1EDF7C0FE8E
:1024800080B208BDF7B5044600260027204600F0BC
:1024900010FCE06900F04DFE05462046F4F7CEFE44
:1024A000A368B3F850301BB19620002102F008F960
:1024B00055B1A06800F51F700022CDE90067012129
:1024C00002F082FA0028E1D003B0F0BD38B583688D
:1024D000D3F87832DB0704461BD4C06900F0E6FD70
:1024E000606803685B689847054620B9E06800F0BB
:1024F0006AFFA3681D75A3685B6C13B1294620466B
:102500009847A3680022C3F89822F8F7FBFFF5F775
:1025100077FD6FF00F05EEE700F52270F8F7CCB904
:102520004FF0FF324FF0FF3300F52270F8F7F8B9A3
:1025300000F51E7019B14FF40061FFF772BF6FF420
:102540000061FFF77DBF00F51E7011B10421FFF798
:1025500068BF6FF00401FFF773BF08B500F51D7089
:1025600029B10121FFF75DFF00F0010008BD6FF008
:102570000101FFF765FFF7E708B500F52270F8F7EE
:10258000CFF9B0FA80F0400908BD0028886814BF70
:102590000823012300F51F70194602F00EBA73B527
:1025A000044680680E46154600F51F700022002381
:1025B000CDE9002302F008FA58B1A06800F51F70B9
:1025C000314602F0FDF920462B4602B0BDE87040CE
:1025D000184702B070BD10B583681A7D012A044601
:1025E00028D1D3F87822510408D5D3F874225207A1
:1025F00004D40146DA6CC06900F041FDA06841F2E4
:1026000088320023FFF7B8FF10B96FF00F0010BD3C
:1026100008212046F4F7C8FC6069F3F7CBFB20469D
:10262000F3F780FD204600F043FCA068FFF774FF3D
:102630000020ECE76FF08500E9E7F8B50446806814
:102640001F46037D022B0D46164607D0BDE8F84015
:102650004FF4805100F51E70FFF7E3BE41F288325F
:102660000023FFF789FF48B3A368D3F87822100549
:1026700008D49A6C32B9D3F87432990602D5204640
:1026800000F017FB3B4632462946204600F070FB1F
:10269000A368D3F87822120508D49A6C32B9D3F81B
:1026A00074329B0602D52046F4F7C8FD606900F03D
:1026B00092F8A068BDE8F840FFF72EBFF8BD0CB453
:1026C00007B504AB53F8042B0193FFF7B6FF03B033
:1026D0005DF804EB02B070470EB403B503AB022102
:1026E00053F8042B0193FFF7A8FF02B05DF804EB49
:1026F00003B070470EB403B503AB082153F8042BA5
:102700000193FFF79AFF02B05DF804EB03B0704746
:102710000EB403B503AB032153F8042B0193FFF769
:102720008CFF02B05DF804EB03B070470EB403B544
:1027300003AB012153F8042B0193FFF77EFF02B096
:102740005DF804EB03B0704770B504460E46A1B1C6
:102750000846FFF791FE41F2883205460023A06843
:10276000FFF70AFF10B96FF00F0070BD6B1C142B40
:10277000A06800D825B9FFF7CFFE6FF01500F4E789
:102780003146FAF7D7F8A36883F83C50A068FFF702
:10279000C3FE0020E9E710B541F288320446002369
:1027A0008068FFF7E9FE38B12046F3F7F3FAA06836
:1027B000BDE81040FFF7B0BE10BD18B18368D3F874
:1027C0009C0270476FF0150070478368996409B9DF
:1027D000FFF71CBE704710B5026983681268016874
:1027E0000446C0689847236900221A6010BD38B5B6
:1027F000CB681B7C022B05460C4604D10A2802D16B
:102800000D20FFF7F4FF236922681B68D554226965
:1028100013680133136023691A6863689A4202D10E
:102820002046FFF7D8FF002038BD08B510B1EDF7FE
:10283000E7FC80B208BD2DE9F74F814601A80D469F
:1028400016461F46F7F77AFD019C4FF0000804EB8F
:1028500040140198A04216D257B9DDF804B0DBF855
:1028600000A0BAF1000F1AD1019B20330193F0E7C9
:10287000012F0FD001F041FD0028EED0019820304B
:1028800084420190F4D800201CE00198203084425A
:102890000190F8D901F031FD0028DED1F5E79AF872
:1028A0000030002BE0D04DB12846EDF7A9FC514691
:1028B00002462846FAF79CF80028D5D12EB9C14522
:1028C00008D1019803B0BDE8F08F5846B047002802
:1028D000F5D1C9E708F10108C6E710B5047B4389C3
:1028E00022442144B2FBF3F003FB1022B1FBF3F0CE
:1028F00003FB1010101A10BD10B5047B438921444E
:102900001019B1FBF3F1B0FBF3F0401A10BD30B574
:10291000057B43892944B1FBF3F403FB1411013116
:102920002A4401340180B2FBF3F103FB11228480BD
:1029300001324C1CC480428030BDF8B50E461146B1
:1029400007461546FAF72CFA0446E0B12846FFF789
:102950006CFFA742054607D214F8013C202B02BFAA
:102960000135ADB204F1FF342046FFF75EFF338836
:10297000421C5B1B521B33806119204692B2BDE89A
:10298000F840F9F73BBEF8BD2DE9F0410F4686B09F
:102990001646044670B1034601AC00F110051868F4
:1029A0005968224603C20833AB421446F7D118686F
:1029B000106001AC4FF00008414632462046F4F763
:1029C0008DF908F10108054628B129683846EDF768
:1029D0008BFC0028F0D1284606B0BDE8F0812DE937
:1029E000F0471C46DDF820809DF8249000230F4618
:1029F000164623602368BB4205461BD256F82300C7
:102A000000F0F6FC2368824618B1013323602846A3
:102A1000F0E756F8231042462846FFF7B5FF48B1C5
:102A200023685A1C2260B9F1000FE3D08045E1D140
:102A3000236055462846BDE8F08700231A46FFF775
:102A4000FABE02230022FFF7F6BE2DE9F74F054636
:102A500001A8F7F773FC019B03EB40180DBB0024A2
:102A6000204603B0BDE8F08F266876B13046EDF71A
:102A7000C7FB07462846EDF7C3FB874205D1314621
:102A80002846EDF731FC0028EAD0E3693BB11B682A
:102A90002BB1D3F800909A4600264E4505D120343C
:102AA0000194019C4445DFD3D9E75AF804BF584646
:102AB000EDF7A6FB07462846EDF7A2FB874205D1B6
:102AC00059462846EDF710FC0028C9D00136E4E746
:102AD00073B503782D2B04460D46164606D16FF0CC
:102AE000150333600025284602B070BD00F035FDA7
:102AF000002303602A4601A92046FAF749FB054650
:102B000000F02BFD0368222B02D16FF02103E8E7D0
:102B100000F023FD0368002BE1D1019BA342DED02E
:102B20001B78002BDFD0DAE70EB403B503AA52F806
:102B3000041B0192F3F7DEFF02B05DF804EB03B073
:102B4000704710B50446EDF75BFBB4F8503013FA4C
:102B500080F038B1638FB0FBF3F203FB1200B0FAE0
:102B600080F0400910BD38B584682046EDF748FB79
:102B7000D4F87452B4F85230C5F3400580B205FB66
:102B80000300638FB0FBF3F203FB1200B0FA80F096
:102B9000400938BD10B50446FFF7E5FF18B9A06835
:102BA000FFF7CFFF20B16069BDE81040F4F750B9DE
:102BB00010BDF8B584680546B4F85020B4F852103A
:102BC00004F13000FFF7A3FEA868A78EE68EFFF79A
:102BD000B8FF10B16869F4F73BF9B74207D1218E0D
:102BE000638E2846C91ABDE8F840F4F74DB9E18E66
:102BF000A38E2846C91AF4F731F9F0E7F8B5044670
:102C000080680D46B0F85210B0F8502030300D44B6
:102C1000FFF77DFEA068ADB2B0F852102A46303002
:102C2000FFF76AFE0746A0682A46B0F85210303017
:102C3000FFF753FE794206462046F4F70FF9314676
:102C40002046F4F721F9A368A3F85250F8BD836831
:102C5000B3F85210494209B2FFF7D0BF8368B3F806
:102C60005010B3F85230C91A09B2FFF7C7BF8368D2
:102C7000B3F852301BB14FF0FF31FFF7BFBF7047C1
:102C80008368B3F85220B3F850309A4202D201213F
:102C9000FFF7B4BF70478268B2F85210A2F8501024
:102CA0008368B3F852201344002283F85620F4F7C7
:102CB000C3B810B504468068B0F85020B0F8521080
:102CC0003030FFF724FEA368198E2046C1F10101C0
:102CD000F4F7DAF8A368998E20460139F4F7BEF8C4
:102CE0002046BDE81040F4F7A7B82DE9FF4105469E
:102CF0000F4614460026A4B904B0BDE8F081D3F80D
:102D000078229207FBD5BFF35B8F03F51E7353E860
:102D1000001F21F0020143E80012002AF7D1BFF39F
:102D20005B8F686803682246D3F80C80B91903AB3F
:102D3000C047039A1644A41A002ADCD1AB68197D57
:102D40000329EED00229DAD84FF0FF304FF0FF31DF
:102D5000CDE90001082103F51F7001F035FEA868D8
:102D600000F51F70082101F02BFEDAE7FFF7BDBF69
:102D7000F7B51E4683681546D3F87422D20604467A
:102D800013D593F83E208A420FD0DB8FADF8043084
:102D9000F4F70AF9606932462946F3F7ABFE01A958
:102DA0002046F4F721F903B0F0BD606932462946A8
:102DB00003B0BDE8F040F3F79DBE0CB407B504AB1B
:102DC00053F8042B0193FFF7D3FF03B05DF804EB36
:102DD00002B070472DE9F0418768B7F85060B3182A
:102DE000FF2B05468846144626DCB7F85230F61A03
:102DF00056331F44B6B2324639463819F9F7FEFB4E
:102E0000224641463846EDF72BFCAA68B2F850300E
:102E10002344A2F85030AB68B3F85020134400228A
:102E200083F85620AB68D3F87412890706D4B3F838
:102E300052201444A3F85240BDE8F08131462846A0
:102E4000BDE8F041F4F752B9FFF7C4BF38B5054605
:102E50008068B0F85220B0F85040A41AA4B29CB1D7
:102E600056321044411C2246F9F7C8FBAA68B2F852
:102E70005030013BA2F85030611E28460122BDE8C7
:102E8000384089B2F4F732B938BD10B58368B3F869
:102E9000502004465AB1B3F8523043B14FF0FF31DD
:102EA000FFF7ACFE2046BDE81040FFF7CFBF10BDD6
:102EB00070B592B00023054601934FF47A746868A8
:102EC000036840221E6902A901ABB047019B13B100
:102ED00008B9013CF3D112B070BDF8B5C3695E69A1
:102EE0005F6883683046D3F87452FEF758FFC5F325
:102EF0000015044650B1014605F18E023846FFF731
:102F0000CBF930462146FEF7A5FF0120F8BD436806
:102F10001B68D3E90632BFF35B8F53E800CF8C44C4
:102F200043E800C00028F8D1BFF35B8F9368BFF37C
:102F30005B8F53E8000F084443E80002002AF8D1F1
:102F4000BFF35B8F70472DE9F84343681E68F36950
:102F5000B268D3F81480D2F874429A68D3F8049017
:102F60001279012A07460D46C4F3001403D0032A40
:102F70003CD0BDE8F883DA680B7859075FBF2C684E
:102F80006B88C4F34A2404EB13145DBF173424F098
:102F90000704A40800240A23A2FB03232146404679
:102FA000FEF75FFE814628B938460121BDE8F843A7
:102FB000FFF7ADBF012CF7D92946026851F8043B51
:102FC000C3F39D0363F39F0240F8042B621E92003B
:102FD000EDF746FB40464946FEF7C2FEB06800F5F5
:102FE0001F700221BDE8F84301F0E7BC3046FFF74F
:102FF00060FE01F060FA04F18E07044600B3EFF3BF
:103000001184102383F31288BFF36F8FB368D3F852
:1030100078321A051ED53A4629464846FFF73CF94C
:10302000B368D3F878321B0502D43046F4F706F9BA
:1030300001F041FA90B184F31188BFF36F8F98E7E4
:10304000B06800F522704FF0FF324FF0FF33F7F712
:1030500067FCDBE73046FFF72CFEDCE7B06800F5E5
:103060002270BDE8F843F7F727BC10B513460C46AD
:103070000A4601461846FFF779FE204610BD70B596
:1030800004460D461646D0E90410FEF7C9FD324647
:1030900020682946FFF712F863685B685D60A368E3
:1030A00000221A60A36801221A7170BD10B504468F
:1030B0000068FFF714F8A36802221A7110BD10B55A
:1030C00043681C686068036801219B68984758BB87
:1030D000E3699B6803221A71A368BFF35B8F03F552
:1030E0001E7353E8001F41F4005143E80012002A08
:1030F000F7D1BFF35B8FA068B0F85020B0F8521042
:103100003030FFF704FC4FF0FF312046F3F7A6FE06
:10311000A368198E20464942F3F7B6FE2046FFF712
:10312000DCFE0028FAD110BDE069BDE81040FFF7D1
:10313000BDBF73B5036882685B681D68AB68D3F870
:103140007432BFF35B8F0446C3F30013002152E8CF
:10315000006F42E800100028F9D1BFF35B8F26B161
:103160004BB960683146F1F7DFFE284602B0BDE892
:103170007040FFF7B2BEAB682846DB8FADF8043075
:103180000121F3F711FF60683146F1F7CDFE01A987
:103190002846F3F729FFE8E70EB403B503AA52F86F
:1031A000041B0192F3F7A6FC02B05DF804EB03B038
:1031B00070470020704783690020186070470EB484
:1031C00003B503AA52F8041B0192F3F793FC02B073
:1031D0005DF804EB03B0704708B50168FFF7B4FA77
:1031E000002008BD8368BFF35B8F03F51D7353E8B0
:1031F000001F21F0200143E80012002AF7D1BFF39D
:103200005B8F002070478368BFF35B8F03F51D73EE
:1032100053E8001F41F0080143E80012002AF7D1EB
:10322000BFF35B8F002070478368BFF35B8F03F5AC
:103230001D7353E8001F21F0100143E80012002A1B
:10324000F7D1BFF35B8F002070478368BFF35B8FBC
:1032500003F51D7353E8001F21F0080143E8001235
:10326000002AF7D1BFF35B8F002070478368BFF35C
:103270005B8F03F51D7353E8001F21F0020143E843
:103280000012002AF7D1BFF35B8F002070478368DC
:10329000BFF35B8F03F51D7353E8001F41F010016E
:1032A00043E80012002AF7D1BFF35B8F002070477C
:1032B0008368BFF35B8F03F51D7353E8001F41F074
:1032C000200143E80012002AF7D1BFF35B8F0020F2
:1032D00070478368BFF35B8F03F51D7353E8001FCE
:1032E00041F0020143E80012002AF7D1BFF35B8FDF
:1032F000002070470023C360704770B51546C4684E
:103300001E46F1B13CB9034653F8044F9C4209D123
:103310000020308070BD8368A34202D10023C360C7
:10332000F6E72468C460002CF2D0228904F10A0177
:103330002846EDF795F9238933800022EA540120CD
:10334000E8E7002CE4D043689C42E7D06468E9E7F2
:103350002DE9F843002304468846C360164622B38D
:10336000071D4068874200D0B8B906F10A092068F5
:10337000002200234946F7F7C9F90546B8B9636842
:103380009F4212D0A168D1E9003213605A60C1E9AE
:103390000000206801F00EF8E9E703899342E4D1C8
:1033A0000A30F9F7FBF80028DFD1BDE8F883068181
:1033B000324641460A30EDF753F96368C5E90037F4
:1033C0005D606560F1E770B50446061D0025636821
:1033D000B34202D10023E36070BDA168D1E900329D
:1033E00013605A60C1E90055206800F0E3FFEEE782
:1033F00010B5044628B1ECF703FF002380B29842D1
:1034000001D8002010BDE25C3F2A03D02A2A01D057
:103410000133F4E70120F5E710B5044680684FF466
:103420008072002100F5AB70F9F768F9A068B0F878
:10343000502000F1560100F5AB70EDF711F9A068CE
:1034400000F5AB70F3F784FCA46804F5AB70ECF7FF
:10345000D7FE0130A4F8540010BD10B504468068B2
:10346000B0F8542000F5AB715630EDF7F9F8A368C9
:10347000B3F85420A3F8502010BDF9F73FB9EDF789
:10348000EFB801460068F4F767BA08B5F4F7D4FA64
:10349000BDE80840F4F7D4BA0A460121FEF792BE0F
:1034A00000210120F4F758BA6FF08500704761B62B
:1034B00062B680F31188BFF36F8F704772B6002336
:1034C00083F31188BFF36F8FBFF34F8F30BF62B6A6
:1034D000BFF36F8F7047202809D9B0F1004F08D88B
:1034E0000138B0FA80F0C0F11F004000704708209A
:1034F00070473E207047002070474FF0FF30704704
:103500000020704708461146F5F744B808461146B2
:10351000F5F754B84FF0FF3070470020704702288D
:10352000CCBF0020012070474FF400534B600020B7
:10353000704710B504461420F8F764FD2060BDE81C
:10354000104000F066BFF8F765BD4FF0FF324FF056
:10355000FF33F7F7E9B8F7F75FB9F6F7F9BE2DE9EA
:10356000F04F87B08A46154602930446002844D09F
:10357000002942D0002B00F0258105F001030393C0
:1035800005F002030A460493A046294618F8010BE9
:10359000F5F74EF80346C0B23F281778064627D005
:1035A00013F0C00F0BD1C8B12A2836D029463846AF
:1035B000F5F73EF8864202F101025BD01DE05B2880
:1035C0007AD05C28F2D1EB07F0D46078F5F730F8C8
:1035D00010F0FF0618BF04F10208E7E7EC0601D57A
:1035E0002F2F02D0381E18BF012007B0BDE8F08F82
:1035F0001FB12F2F03D1A8070DD50120F5E72E2FDE
:1036000009D1690707D55245F7D0AB0703D512F8A2
:10361000013C2F2BF1D001322CE06078F5F708F84F
:10362000C1B22A2918D02E2F09D16F0707D55245CC
:10363000E3D0AE0703D512F8013C2F2BDDD079B9CA
:1036400015F00200D1D0ED0600F1BE802F2110460A
:10365000F9F708F90038C6E718F8010F2946DDE741
:103660002F2909D1AC0707D51046F9F7FBF8024618
:103670000028C2D0444687E7029B164603F1FF3973
:1036800025F0040A05F00207B34629469BF800001E
:10369000F4F7CEFF10F0FF0406F10106ADD04B4663
:1036A000524659464046FFF75AFF01289DD12F2C1C
:1036B000EAD1002FE8D098E7002F9ED02F2F04D119
:1036C000A8079AD4294638460DE02E2FFAD169076B
:1036D00007D5524591D0AB0703D512F8013C2F2BEB
:1036E0008BD029462E20F4F7A3FF6378212B814647
:1036F00001D05E2B15D10234012314F8010B019384
:103700002946F4F795FFC6B25D2E4FF0000B21D08D
:103710002F2E09D1049BEBB15B2F7FF46EAF444693
:1037200048E044460023E8E75C2E0AD1039B8BB9AE
:1037300020785D280ED068B12946F4F779FF01346E
:10374000C6B23EB929465B20F4F772FF48453FF404
:1037500062AF52E723782D2B2FD160782946F4F7FA
:1037600067FF10F0FF0018D05D2816D05C2804F128
:1037700002030BD115F0010F08D1E31CA0780593CB
:10378000F4F756FF10F0FF00DCD0059B4E451C46B9
:1037900003DC4845A8BF4FF0010B14F8010B294684
:1037A000F4F746FFC6B25D2EB2D1019B5B45C9D08E
:1037B000611CB1D00132A0465CE74E4508BF4FF016
:1037C000010BEAE7032010E708460EE74023FFF766
:1037D000C6BE08B5062201210020F4F7D7FF00225B
:1037E00011460620F4F778FC012108460722F4F779
:1037F000CDFF002211460720F4F76EFC08220121BC
:103800000220F4F7C3FF002211460820F4F764FCFD
:10381000092201210320F4F7B9FF002211460920F3
:10382000F4F75AFC0A2201210420F4F7AFFF00222A
:1038300011460A20F4F750FC052108461722F4F738
:10384000A5FF002211461720F4F746FC2822062186
:103850000A20F4F79BFF002211462820F4F73CFCD5
:10386000002008BD01F01F0101208840704700F0D2
:103870000302043292000F23934043EA900010B5F4
:1038800000F003039B0003F1804303F58033020C37
:103890009C6892FAA2F2B2FA82F202F01F0224EAC3
:1038A000104091400143996010BD08B500221220DC
:1038B0001146F4F711FCBDE808401220F4F7FEBBF6
:1038C0000A460121FEF77EBC02689368002923F0B6
:1038D000404323F03F030CBF4FF0804100210B43D6
:1038E00043F0004393609368002BFCDB7047D0E902
:1038F0002432C0F898205B681A68936823F000436C
:1039000023F03F0343F004039360704710B4034671
:103910000838BFF35B8F50E8002F511C40E80014BB
:10392000002CF8D1BFF35B8F12B910BCFFF7DFBFDB
:103930006FF00F0210BC9A65704738B58368DA07DC
:10394000044612D401230360836823F0004323F06C
:103950003F0343F0010383600A252368DB0704D497
:10396000642000F09BFC013DF7D138BD8368D90786
:1039700026D583685A070AD5836823F0004323F0CD
:103980003F0343F01003836083685B07FCD48368C4
:1039900019070AD5836823F0004323F03F0343F05F
:1039A0002003836083681A07FCD4836823F00043F4
:1039B00023F03F0343F0020383608368DB07FCD4FA
:1039C00070470B88C3F30B0303F6B872C2F30B0204
:1039D000182A82B014D803F1804303F504334868F1
:1039E0001A6802431A600B88C3F30B0303F1804388
:1039F00003F5043300201B680193019B02B070475C
:103A00006FF08500FAE70B88C3F30B0303F6B87277
:103A1000C2F30B02182A9FBF03F1804303F504335E
:103A200049681A689DBF8A4300201A606FF08500BC
:103A300070470D2809D843F66A73C34013F0010F8D
:103A400014BF00206FF0850070476FF0850070474D
:103A500038B50888C0F30B00FFF7EBFF002822DB26
:103A60004868FF281ED082B2C0F3415502F180425F
:103A700002F5043201350123AB401468C0F3044061
:103A8000013B834024EA0303136049688BB203F1CE
:103A9000804303F504330A0E1868C1F304418A40D9
:103AA00002431A60002038BD0888C0F30B0008B537
:103AB00000F6B873C3F30B03182B0AD800F180404B
:103AC00000F504304B680268934314BF01200220C4
:103AD00008BDFFF7AEFF002814BF01200220F7E762
:103AE000704743685B681B690B6000207047436840
:103AF0005B68586942400A4042405A610020704762
:103B000043685B6800209961704743685B680020E8
:103B10009962704743685B685A6951405961002057
:103B2000704710B503699868F8B1884219D1DC680C
:103B300008689860A14200D1D860002008602AB1CE
:103B40009A680A60DA68996002B9D960002010E0CA
:103B5000814206D108682060D8688142EDD1DC60DE
:103B6000EBE7044600680028F2D1002AE8D16FF0A4
:103B7000150010BDF0B544680120676888401E46F6
:103B8000C2F3801327EA00078B403B43636090FA3F
:103B9000A0F7B7FA87F7D4F808C04FF0030E7F00FC
:103BA0000EFA07F72CEA070C90FAA0F7B7FA87F796
:103BB000C2F3C1137F00BB4043EA0C03A36090FA39
:103BC000A0F3B3FA83F3E7685B000EFA03F327EA86
:103BD000030790FAA0F3B3FA83F302F030055B0019
:103BE000C2F341229A403A43202DE26016D10729C0
:103BF0002BD890FAA0F3226A2BB3B3FA83F39B007D
:103C00000F2101FA03F322EA030290FAA0F3B3FAB8
:103C100083F39B0006FA03F31343236290FAA0F3A5
:103C2000B3FA83F3226890FAA0F05B000321B0FAA4
:103C300080F02D0901FA03F3400022EA03038540D6
:103C40001D432560F0BD2B46D9E7030A616A93FA4C
:103C5000A3F282B1B2FA82F292000F2793FAA3F391
:103C6000B3FA83F307FA02F29B0021EA02029E40B4
:103C700016436662D2E72A46EEE712F4003CF8B536
:103C80000C4613461DD0960714D555075CD5502217
:103C9000D90611D542F4007203F4C061B1F5806F0A
:103CA00042D0B1F5C06F19D0B1F5007F18D142F004
:103CB000800215E01022EBE79F06EDD542F480620A
:103CC000EAE7D60305D5D50605D4C2F34012920221
:103CD000E2E73022E0E74FF40072DDE742F4C07221
:103CE00013F44036056908D02F6927FA04F1C90793
:103CF0005FBF0121A14039432961BCF1000F06D00B
:103D00001F03416813D549680123A3408B614068B4
:103D100000232146FFF72EFF26B92B6923FA04F270
:103D2000D2070BD40020F8BD42F48072D8E75F03BD
:103D300041BF01234968A3408B62E8E70122A2400A
:103D400023EA02032B61EDE76FF08500EBE770B526
:103D50000B468968054611B15E680C6801B970BDF3
:103D60008A682A4002D04B68304698471CB12368C5
:103D700021461C46F2E72346FAE7F8B51F460446FB
:103D800040680E461546FFF7F5FE112F08D10123B6
:103D900003FA06F663685B682A054CBF9E619E6263
:103DA0000020F8BD30B5036813600579046804EBA2
:103DB000C504A34202D36FF0010030BD5C798C4290
:103DC00001D00833F0E70020F7E7416370478163D3
:103DD0007047C163704701647047836C81647047AA
:103DE000C16470474168036949681B68002001315C
:103DF000B3FBF1F3C2E9003070474368C1F34B10E5
:103E00001B6801F01F01C05801238B40034214BFFF
:103E10000123002313700020704710B54368C1F3DD
:103E20004B101A6801F01F01845801238B40234373
:103E30008350002010BD10B54368C1F34B141868BF
:103E400001F01F01235801228A4023EA0203235074
:103E5000002010BD38B504460D46FFF7DEFF2946A9
:103E60002046FFF7E8FF002038BDB0F5805F07D09F
:103E7000B0F1805F09D1002914BF012002207047F2
:103E8000002914BF032004207047002914BF02201A
:103E90000320704743681B68D869DA69D107DA697B
:103EA000C0F3C00048BF40F002009207DA6948BF83
:103EB00040F004005107DA6948BF40F02000D20505
:103EC00042BF4FF4807240F008001A62C10744BF3D
:103ED00008221A62820744BF01221A62410744BFC6
:103EE00002221A62820644BF04221A6270474368A3
:103EF0001A6852E8003F43F0400342E800310029CD
:103F0000F7D1704743681A6852E8003F23F0400336
:103F100042E800310029F7D1704743681A6852E837
:103F2000003F43F0200342E800310029F7D17047F9
:103F300043681A6852E8003F23F0200342E800314A
:103F40000029F7D1704743681B68D869C0F3401057
:103F50007047012070470369C3E902127047026984
:103F600093680BB1D1681847704708B50022252027
:103F70001146F4F7B1F8BDE808402520F4F79EB8E3
:103F800008B500225B201146F4F7A6F8BDE808400A
:103F90005B20F4F793B843681B68D869C0F38010BE
:103FA000704743681B68D86910F080001CBF186810
:103FB000C0F38010704710B50269526812680A6039
:103FC00042681268126802F4C062B2F5806F04465B
:103FD0000B4633D0A2F5C060424242411A7162687A
:103FE0001268526802F44052B2F5805F28D0B2F5F0
:103FF000405F27D0002A0CBF012203225A71626859
:1040000012681068116800F0102001F4C061FFF719
:104010002CFF987162681268926802F44072A2F5EF
:1040200040714A424A41DA7161680968896811F44D
:10403000804F18BF0322DA71002010BD0222CDE7A5
:104040000022DBE70222D9E738B543681B680C463B
:104050001868196800F0102001F4C061FFF705FF2F
:1040600004281AD0D86910F0800015D0EFF3118120
:10407000102080F31288BFF36F8F0020151A002DD7
:1040800006DDDD692D0603D5255C9D620130F5E76F
:1040900081F31188BFF36F8F38BD6FF08500FBE7A8
:1040A00010B543681B681020DA691206FCD5EFF3DF
:1040B000118280F31288BFF36F8FDC69240604D469
:1040C00082F31188BFF36F8FEEE7996282F3118854
:1040D000BFF36F8F10BD43681B68DA69910602D584
:1040E0001A68920607D4D86910F0400004D0186806
:1040F000C0F3801070470120704738B543681B68D3
:104100000C461868196800F0102001F4C061FFF730
:10411000ACFE042810D000200821151A002D0DDD5A
:10412000DD69AD060AD55D6A2554DD692D0700F10C
:104130000100F2D51962F0E76FF0850038BD4368E1
:104140001B68DA69100744BF08221A62DA6992060E
:1041500043BF5B6A0B7000204FF0FF3070472DE9C2
:10416000F0410A790369D0F804805E68012A0446A8
:104170000D4611D0901E47424741BF026979404623
:10418000F5F768FCAB79022B09D0042B33D0131E52
:1041900018BF01231B0306E04FF4C067EEE7B2FA35
:1041A00082F35B091B07EA79D8F80010012A14BFD3
:1041B0004FF0000C4FF4407CAE421FD10A6822F051
:1041C000805222F4B0523A431A430A604B6823F4F7
:1041D000405303434B6063681A68936823F4407349
:1041E00043EA0C03936031682046F5F7C7FC00EA08
:1041F000E070BDE8F0814FF48053D4E7D1F800E0DF
:104200000EF4C06E77451FBFD1F800E02EF4C06EEB
:104210004EEA07070F6061680F68796801F4405142
:1042200088421FBF796821F4405101437960616879
:104230000868016801F010218B421FBF016821F05E
:1042400010210B430360636819688B6803F44073A3
:104250009C451FBF8B6823F4407343EA0C038B60BB
:1042600063681B689968490405D5032A09D09A68D0
:1042700022F4804204E0032A03D19A6842F4804287
:104280009A6029683368994206D02046F5F776FC93
:104290000028AEDB2B6833600020AAE738B504465F
:1042A00048B1F5F793FFAA2305465C43F5F78EFF67
:1042B000431BA342FAD338BD10B5436904463BB94A
:1042C0000020E268537843F001035370404210BD70
:1042D00098470028F4D00028B8BF4042E368FF2880
:1042E000A8BFFF201870ECE7C3685B78DB0701D438
:1042F000FFF7E2BF6FF07700704740B1C3685878AE
:1043000010F001001EBF1878B0FA80F04009704725
:10431000EFF31183102383F31288BFF36F8FFEE74F
:104320002DE9F04F89B0DDE9126805460592434654
:10433000324606A80F4600F06CFADDE9063405F1B6
:10434000140ACDE90234EFF311844FF0100989F318
:104350001288BFF36F8F05F10C0B059A149B394639
:104360002846984730B184F31188BFF36F8F09B0A6
:10437000BDE8F08F56EA0806F5D0DDE9022306A86D
:1043800000F06CFADDE906685A46CDE9006821467E
:104390005046F6F7EBFEEFF3118489F31288BFF372
:1043A0006F8FDAE710B400F10C04C0E9034410BCCD
:1043B000FDF721BA38B50446EFF31185102383F3D6
:1043C0001288BFF36F8FFDF7D7F904F10C0000F0EE
:1043D00063F930B1294604F11400BDE83840F6F71E
:1043E00059BF85F31188BFF36F8F38BD08B510240E
:1043F000EFF3118384F31288BFF36F8FFFF75EF83A
:10440000F6E790F90E308B4201D0F6F7D1BE0020CE
:10441000704703460020C3E90200C3E90033704738
:104420003AB18A4205D3C0E90212C0E90000002077
:1044300070476FF015007047026801238B4022EA35
:104440000303036022FA01F000F00100704710B589
:10445000032104460C30FFF7EFFF30B104F11000E8
:1044600000F0A9F9B0FA80F0400910BD20B1002297
:104470001146DC3000F043B9704773B50446EFF3E2
:104480001185102383F31288BFF36F8F0023A0F1EF
:104490001006032104380193FFF7CEFF28B1A3696A
:1044A000019301A93046F6F707FB85F31188BFF3A6
:1044B0006F8F02B070BDEFF30580003818BF012088
:1044C00070479430704710B500238B4202D11360BF
:1044D000002010BDC45CAA2CF9D10133F5E70A46CF
:1044E000D0E92E01FFF7EFBFF7F7DABB08B520B12F
:1044F00019B1F7F741FC002008BD6FF01500FBE78C
:1045000010B5044686B028B318220021F8F7F6F853
:1045100069460020F7F7EAFBD4E9003200995B18FE
:10452000019942EB0102C4E90032D4E90232029956
:104530005B18039942EB0102C4E90232D4E9043268
:1045400004995B18059942EB0102C4E9043200208A
:1045500006B010BD6FF01500FAE7D0E90032136025
:104560005A600023C0E90033704708B5FFF7F5FF34
:10457000437B23F0020343730023836008BD38B5F7
:1045800004460D46F6F70AFD637B43F002036373AE
:10459000E5B1A5602B689D4209D16B68C4E9005361
:1045A0001C606C6012E06A689A42F6D01B68002BAF
:1045B000F3D094F90E2093F90E108A42F3D0914271
:1045C000F1DD5A68C4E9003214605C6038BD10B592
:1045D000EFF31184102383F31288BFF36F8FF6F784
:1045E0009BFC84F31188BFF36F8F10BD08B5EFF308
:1045F0001181102282F31288BFF36F8F83680BB191
:10460000FFF7B3FF81F31188BFF36F8F08BD38B593
:10461000EFF31184102383F31288BFF36F8F90F8A8
:104620007C50427B002380F87C302DB121B184F393
:104630001188BFF36F8F38BD12F0280FF7D1836850
:104640000BB1FFF792FF437B23F004034373F6F7AC
:1046500063FCECE701211838FFF7D9BF08B5034622
:10466000EFF31181102282F31288BFF36F8F00687D
:10467000834207D008B1FFF778FF81F31188BFF3B9
:104680006F8F08BD0020F8E710B5FFF7AFFFBDE85A
:104690001040183000F08FB838B504680546AC42B9
:1046A0004FF0000000D138BD002CFCD02046FFF7B1
:1046B000EBFF2046FFF78BFF2C680120A542F1E7B6
:1046C00038B504460D46F6F7BDFEB5F1FF3F08BF0D
:1046D000B4F1FF3F0346204610D013F109004FEA22
:1046E000E37141F100010A220023ECF7BBFFB0F1B6
:1046F000004F71F1000128BF6FF0004038BD38B5A0
:10470000EFF31185102383F31288BFF36F8F0468D2
:10471000A04213D0A4B1C4F8CC1022612046FFF708
:1047200024FF04F1180000F046F82046F6F7F4FBE9
:10473000012085F31188BFF36F8F38BD0020F8E7A3
:104740002046F6E72DE9F04105460E461746EFF301
:104750001188102383F31288BFF36F8F0468A0427F
:104760000FD1002088F31188BFF36F8FBDE8F0816F
:1047700039462046B0470028F4D16B68A342F0D0F8
:104780002468002CF4D1ECE708B50246F7F75AF894
:1047900070B1D0E904319B1A61EBE272B3F1004FC2
:1047A00072F1000104DA002AACBF1846002008BDEF
:1047B0006FF00040FBE738B50246EFF31185102398
:1047C00083F31288BFF36F8F0368CBB1F7F73AF822
:1047D00004461046F7F748F800224FF000438442A1
:1047E000C0E9042306D1F7F735F8FFF7CDFF002124
:1047F000F5F752FC002085F31188BFF36F8F38BDA9
:104800006FF01500F7E708B5F7F73AF908BDF7F7C5
:1048100037B9B3F1FF3F08BFB2F1FF3F70B50646AD
:104820001D46144614D01A4316D0002B08DBF7F7A8
:1048300027F9041941EB0501C6E90041304670BD76
:104840006FF001031C1B4FF0FF3363EB0501F3E72F
:104850004FF0FF342146EFE70024FBE7B3F1FF3FC1
:1048600008BFB2F1FF3FF8B5074616461C4610D008
:1048700054EA020311D0F7F703F9B0420A46A14106
:1048800003460AD2F31A64EB0204C7E9003438463F
:10489000F8BD4FF0FF331C46F7E70023FBE700238A
:1048A000C0E9081200F11802C0E90622C0E900338D
:1048B00003634363704710B50446FFF77CFFA8B954
:1048C000636A0BB12046984704F11800FFF7C6FE53
:1048D00060B1FFF77CFEEFF31180102383F31288A1
:1048E000BFF36F8FBDE81040F6F704BD10BD2DE992
:1048F000F3470446DDE90A9815460E4659B302F01F
:10490000010AF6F7FFFD0746EFF31181102383F349
:104910001288BFF36F8FA80744BF0023A360A3686A
:1049200003EA0600BAF1000F0CD086420CD16A07E8
:1049300044BF8343A36081F31188BFF36F8F02B03C
:10494000BDE8F0870028F2D159EA080305D181F3C8
:104950001188BFF36F8F0020F1E7C7E91D6522467C
:10496000CDE9009804F10C00F6F700FC0028F2D124
:10497000786FE4E710B5D0E91D424B6812F0010FE3
:1049800003EA040301D09C4210D17BB14367520774
:1049900044BF8A681A430B6848BF8A6003670123D3
:1049A000086080F87C301830FFF705FF002010BD4C
:1049B0000023C0E90000836070470A46F7F732B968
:1049C0000A460021F7F72EB95200FFF790BF10B545
:1049D00083691A7A52B1D0E90242944206D0D3E9EF
:1049E0000020521840F10000C3E9002010BD08B5B6
:1049F000F3F748FC012838BF012008BD043270B528
:104A000004460ED2EFF31185102686F31288BFF309
:104A10006F8F41F00401984785F31188BFF36F8FC2
:104A200008B9002070BD40F8044BFBE720B1011F1E
:0C4A300050F8040CFFF7BEBC70470000FB
:084A3C0082CCFE7F01000000A6
:104A440000000000044B0108B1420008000000000F
:104A5400E9A600080000000000000000244B010843
:104A640000000000E44B010800000000244C010891
:104A740000000000444B010800000000044C010841
:104A840000000000C44B010800000000A44B010812
:104A940000000000844B010800000000644B010882
:104AA400D33701080000000000000000444C010856
:104AB40000000000644C0108F592000800000000AA
:104AC40001A000080000000091430008000000005D
:104AD400013501080000000015BE000800000000B8
:104AE40000000000844C010800000000A44C0108F0
:104AF40000000000C44C0108D55B00080000000061
:104B04003F83010800000000F0500108A8090020BC
:104B14000000000049910008000000007C5B0108CF
:104B24005E850108BC5D0108E0500108BC09002055
:104B3400000000000000000000000000B05D01085B
:104B4400428001080000000000000000A4090020C9
:104B540000000000B186000800000000345A01087B
:104B640050830108945B0108B4500108AA0900208D
:104B740084210020F593000800000000885B0108F0
:104B840064830108B45B0108B4500108AC09002037
:104B940098210020F593000800000000A85B01089C
:104BA40078830108D45B0108B4500108AE090020E1
:104BB400AC210020F593000800000000C85B010848
:104BC4008C830108F45B0108B4500108B00900208B
:104BD400C0210020F593000800000000E85B0108F4
:104BE400A0830108145C0108B4500108B209002034
:104BF400D4210020F593000800000000085C01089F
:104C0400B4830108345C0108B4500108B4090020DD
:104C1400E8210020F593000800000000285C01084A
:104C2400C8830108545C0108B4500108B609002087
:104C3400FC210020F593000800000000485C0108F6
:104C440016860108CC5D01080C510108BE0900203C
:104C5400D8070020A59D000800000000C05D0108E1
:104C64002E8601082C5E01080C510108C0090020A1
:104C7400F0070020A59D0008000000001C5E01084C
:104C8400238301084C5A0108A8500108A6090020F2
:104C940030000020358C000800000000405A010854
:104CA4001E850108DC5C0108D8500108B809002001
:104CB400C0070020DD97000800000000D05C010858
:104CC4001E8501082C5D0108D8500108BA0900208E
:104CD400CC070020DD97000800000000205D0108DB
:104CE40000000000A134010800000000A134010804
:104CF40000000000A134010800000000A1340108F4
:104D040000000000A134010800000000A1340108E3
:104D14007C800108A58700087A800108A58700081F
:104D240078800108A587000876800108A587000817
:104D340074800108A587000800000000A134010860
:104D440000000000A134010800000000A1340108A3
:104D540000000000A134010800000000A134010893
:104D640000000000A134010800000000A134010883
:104D7400000000001989000800000000A1340108A7
:104D840000000000A134010800000000A134010863
:104D940000000000A134010872800108A587000802
:104DA40000000000A134010800000000A134010843
:104DB40000000000A134010800000000A134010833
:104DC40000000000A134010800000000A134010823
:104DD40000000000A134010800000000A134010813
:104DE40000000000A134010800000000A134010803
:104DF40000000000A134010800000000A1340108F3
:104E040000000000A1340108644C01085F3F010860
:104E140000000000A134010800000000A1340108D2
:104E240070800108A587000800000000A134010873
:104E340000000000A134010800000000A1340108B2
:104E440000000000A134010800000000A1340108A2
:104E540000000000A134010800000000A134010892
:104E640000000000A134010800000000A134010882
:104E740000000000A134010800000000A134010872
:104E840000000000A134010800000000A134010862
:104E940000000000A134010800000000A134010852
:104EA40000000000A134010800000000A134010842
:104EB40000000000A134010800000000A134010832
:104EC40000000000A134010800000000A134010822
:104ED40000000000A134010800000000A134010812
:104EE40000000000A134010800000000A134010802
:104EF40000000000A134010800000000A1340108F2
:104F040000000000A134010800000000A1340108E1
:104F140000000000A134010800000000A1340108D1
:104F240000000000A134010800000000A1340108C1
:104F340000000000A134010800000000A1340108B1
:104F440000000000A134010800000000A1340108A1
:104F540000000000A134010800000000A134010891
:104F640000000000A134010800000000A134010881
:104F740000000000A134010800000000A134010871
:104F840000000000A134010800000000A134010861
:104F940000000000A134010800000000A134010851
:104FA40000000000A134010800000000A134010841
:104FB40000000000A1340108444C01085F3F0108CF
:104FC40000000000A134010800000000A134010821
:104FD40000000000A134010800000000A134010811
:104FE40000000000A134010800000000A134010801
:104FF40000000000A134010800000000A1340108F1
:1050040000000000A134010800000000A1340108E0
:10501800B00A0020C022002000040000612A000815
:105028000000000000000000000000000700000071
:1050380000000000B163010800000000000000004B
:10504800500C0020402B002000040000352B0008E5
:105058000000000000000000000000000700000041
:1050680000000000D26301080000000000000000FA
:10507800800B0020002700200004000061190008B0
:105088000000000000000000000000000500000013
:1050980000000000C26301080000000000000000DA
:0C50A800058A0008998D0008E40C000047
:1050B4007B3C0108E33A0108EF3A0108013B01088F
:1050C4000B3B0108153B010845930008233B0108ED
:0450D40000000000D8
:0850D800B1940008E53D010858
:1050E000FB3D01081B3E0108373E0108553E010803
:1050F000C3390108073A0108000000009990000830
:0C510000A93A010800000000513A010823
:10510C003F410108A1400108953E0108A59C0008FB
:10511C00B73F010849400108FB400108EF3E010878
:10512C00053F0108A33F01081B3F0108313F01085F
:10513C00973F0108473F01088D9A0008ED9A000837
:0C514C00D7400108533F0108573F0108FD
:10515800358301080300000004670108030000000C
:105168006580010803000000426701080300000091
:1051780046670108030000003567010803000000C6
:10518800A77F01080300000044870108030000000E
:105198002C85010803000000BE720108030000000E
:1051A800C4720108030000003983010803000000ED
:1051B80026670108030000001B67010803000000C0
:0851C8005486010803000000F9
:1051D00024570108D8200020D872010800000000E0
:1051E000CF720108B0070020EC1D0020A0070020AE
:1051F00002000000A8560108E81D0020BC56010866
:10520000240A0020C472010840160020C032002089
:1052100090570108FC5501089C550108505601089B
:1052200024550108105701086857010888550108DE
:10523000A45701085457010840570108FC540108BD
:0C524000105501087C5701083855010882
:10524C000000000000000000000000000000000052
:10525C0000000000836801088A6801080000000053
:10526C00B94F0008000000007E6A0108886A010836
:10527C00000000002D50000803000000B968010870
:10528C00BF68010800000000D54F000802000000B4
:10529C00A76A0108AE6A0108D85201080000000094
:1052AC0000000000456901084C690108000000007D
:1052BC00C11A000801010000A3690108AB690108CB
:1052CC000000000015500008000000000000000065
:1052DC0000000000000000000000000000000000C2
:1052EC00C86D0108CD6D0108000000009553000841
:1052FC0002000000E56B0108EA6B010800000000E9
:10530C00D150000800000000676D01086E6D0108A7
:10531C000000000039530008020000008B6C0108EB
:10532C00926C0108000000000D5200080000000003
:10533C00046D01080C6D010800000000DD5200082E
:10534C00020000000000000000000000000000004F
:08535C00000000000000000049
:08536400F15300081154000888
:10537000FFFFFFFFFFFFFF7FFFC99A3B0000000018
:105380006588635DDC46030060C79C220000000066
:1053900060000000010000001B5B4A00001B5B482E
:1053A00000001B5B324A00001B5B4A00001B5B6D68
:1053B00000001B3700001B3800001B5B3F336C00F4
:1053C000001B5B4800001B5B324A00001B370000DB
:1053D0001B380000000000000080E03779C3414323
:1053E000176E05B5B5B89346F5F93FE9034F384D4B
:1053F000321D30F94877825A3CBF737FDD4F1575F7
:10540000000000000000F03F000000000000244009
:1054100000000000000059400000000000408F40E4
:10542000000000000088C34000000000006AF8404F
:105430000000000080842E4100000000D012634173
:105440000000000084D797410000000065CDCD41E9
:10545000000000205FA00242000000E876483742CA
:10546000000000A2941A6D42000040E59C30A24268
:105470000000901EC4BCD64200003426F56B0C43DD
:105480000080E03779C3414300A0D8855734764384
:1054900000C84E676DC1AB43003D9160E458E143E5
:1054A000408CB5781DAF154450EFE2D6E41A4B445A
:1054B00092D54D06CFF08044F64AE1C7022DB5449F
:1054C000B49DD9794378EA44244C010805000000D2
:1054D000E44B01080D000100926501089865010880
:1054E000A26501084A640108AA6501084A64010826
:1054F0004A6401084A640108AF650108B6650108FD
:10550000BD650108000000005D2D000800000000DE
:10551000E4650108EC65010800000000392D000871
:1055200000000000136601081C660108000000006E
:10553000E12D000800000000396601083F660108FF
:1055400000000000152D000800000000000E0020E3
:1055500000020000A3200108392001080200000019
:1055600000000000366801083E68010800000000E5
:105570000000000000000000466801084A680108B9
:105580004E68010852680108566801085D68010804
:105590004C5201080000000000000000CE6E01081F
:1055A000A36E0108B05501080000000000000000D3
:1055B000B4550108E56B0108F05501086453010872
:1055C0009554000801010000B36E0108B86E01088F
:1055D0006853010831540008020000000000000078
:1055E00000000000000000000000000000000000BB
:1055F000C40BD286D56E0108066F0108C36F01087F
:10560000C86F0108105601080000000000000000EB
:1056100014560108377A0108D66F0108000000000F
:105620004556000800000000E66F0108EA6F010817
:10563000000000000F23010800000000000000002F
:10564000000000000000000000000000000000005A
:10565000577101085E71010864560108515700082E
:105660000202000068560108207201082572010834
:105670000000000021580008050200005D720108CA
:105680006272010800000000FD5A000802010000DB
:10569000000000000000000000000000000000000A
:1056A000000000003A0000006E2200201E000000F2
:1056B0006D2D0108E051010898070020D051010824
:1056C000E8560108C420002064000000D4560108F8
:1056D0008C20002010170020800000000000000037
:1056E00033230108020000006B300108CC200020A9
:1056F0006E2200201E0000000D5C000881230108BE
:105700005D230108A12301086F23010800000000A8
:10571000E5750108A375010800000000196900087B
:1057200001000000472F01080F2F0108BF300108BA
:105730000000000000000000000000000000000069
:10574000A6760108AD76010800000000E5750008A6
:1057500001000000D7760108DE760108B85701087D
:105760008576000801010000837701088B77010826
:1057700000000000A5750008010000009C770108EA
:10578000A2770108E45701080000000000000000B3
:10579000C8770108CE7701080000000051760008A4
:1057A00001000000DC770108E0770108000000003C
:1057B000B331010800000000BC570108037801085C
:1057C0000B780108000000000975000801000000C6
:1057D00000000000000000000000000000000000C9
:1057E00000000000E85701084F78010858780108C8
:1057F00000000000497500080100000075780108EC
:1058000084780108885801080000000000000000AA
:10581000347901083B790108C859010800000000EB
:1058200000000000527901085879010888590108E0
:1058300000000000000000006F790108767901087F
:1058400048590108000000000000000085790108A7
:105850008A79010808590108017600080101000051
:105860009D790108A3790108C858010800000000CB
:105870000000000000000000000000000000000028
:1058800000000000000000008C580108B5790108F4
:10589000BF790108000000004B3201080100000040
:1058A000F7790108FE7901080000000007320108BD
:1058B00001000000000000000000000000000000E7
:1058C0000000000000000000CC580108357A0108F3
:1058D0003B7A010800000000B73101080100000018
:1058E000697A01086E7A0108000000003575000829
:1058F00001000000000000000000000000000000A7
:1059000000000000000000000C5901083476010876
:105910009A7A0108000000006D32010801000000C1
:10592000A8690108D97A010800000000D3320108F3
:105930000100000000000000000000000000000066
:1059400000000000000000004C59010834760108F6
:10595000EC7A0108000000009575000801000000C5
:10596000A8690108FC7A010800000000D93101088B
:105970000100000000000000000000000000000026
:1059800000000000000000008C5901083476010876
:105990000B7B010800000000E53101080100000058
:1059A000A8690108237B010800000000B13201084A
:1059B00001000000000000000000000000000000E6
:1059C0000000000000000000CC59010834760108F6
:1059D0003A7B0108000000002932010801000000A4
:1059E000A8690108527B0108000000008F320108FD
:1059F00001000000000000000000000000000000A6
:105A00000000000000000000000000200000000076
:105A100000000B06020000001C5A010800000008EC
:105A2000F47F01082400020600000020FC7F01082A
:105A300020000B11385A01080100000060800108A5
:105A4000445A0108010000003083010800000050A2
:105A5000AB3801084C0000000020000000000000EE
:105A60000000000000000000000000000000030033
:105A70009C5A0108030007000D00190030005D006A
:105A8000F800810200010101140400000C636000B1
:105A90000C6351000C6342000C633300A45A0108EC
:105AA00001000000AC5A01080100000010000000D5
:105AB00000000000000000000000000004000000E2
:105AC000080000000C00000010000000140000009E
:105AD000180000001C000000000000002000000072
:105AE000400000006000000080000000A0000000F6
:105AF000C0000000E0000000000100000000000005
:105B0000010000000200000003000000040000008B
:105B1000050000000600000007000000080000006B
:105B2000090000000A0000000B0000000C0000004B
:105B30000D0000000E0000000F0000000600000035
:105B40000C0000001200000018000000000100001E
:105B5000060100000C010000120100001801000005
:105B600000020000060200000C0200001202000009
:105B7000180200000003000006030000805B01081B
:105B8000010000004C8301088C5B0108010000004B
:105B90005E830108FFFF00000018004806000000B7
:105BA0004C00000040000000AC5B01080100000058
:105BB00072830108FFFF0000001400480500000088
:105BC0004C00000020000000CC5B01080100000038
:105BD00086830108FFFF0000001000480400000059
:105BE0004C00000010000000EC5B01080100000008
:105BF0009A830108FFFF0000000C0048030000002A
:105C00004C000000080000000C5C010801000000CE
:105C1000AE830108FFFF00000008004802000000FA
:105C20004C000000040000002C5C01080100000092
:105C3000C2830108FFFF00000004004801000000CB
:105C40004C000000020000004C5C01080100000054
:105C5000D6830108FFFF000000000048000000009C
:105C60004C00000001000000244C0108044C010815
:105C7000E44B0108C44B0108A44B0108844B010804
:105C8000644B01080000000000000000000000005C
:105C90000000000000000000000000000000000004
:105CA00000000000000000000000000000000000F4
:105CB00000000000000000000000000000000000E4
:105CC00000000000000000000000000000000000D4
:105CD000D45C010801000000228501080004004096
:105CE000102700000000000000000000F85C010820
:105CF00002000000085D01085800000002000000DA
:105D000009000000FF000000105D01080100000014
:105D1000185D010801000000820200000000000080
:105D2000245D0108010000002785010800000040F3
:105D3000000000000000000000000000485D0108B5
:105D400002000000585D010858000000010000003A
:105D500009000000FF000000605D01080100000074
:105D6000685D010801000000A100000000000000C3
:105D7000CB3D0108CF3D0108D33D0108D73D0108C7
:105D8000DB3D0108E13D0108040000004000000087
:105D900000040000004000000100000010000000AE
:105DA00000010000001000000000010000001000D1
:105DB000B45D0108010000006F8501080010024079
:105DC000C45D010801000000268601080080004033
:105DD000244B010880070000F45D01080100000069
:105DE000000000000000000000000000FC5D010851
:105DF000813F01085C00000001000000045E010812
:105E0000010000000C5E0108020000004C000000D0
:105E1000000200006C00000000000000205E01088D
:105E2000020000003E860108458601080038014056
:105E3000244B01080E080000545E01080100000018
:105E40000000000000000000000000005C5E01088F
:105E50006B3F01086000000000400000645E010824
:105E6000010000006C5E01080200000087040000D1
:105E700000020000A704000000000000F5860108F1
:105E80000387010817870108268701083287010860
:105E9000444A0108444A0108C44A0108CC4A01089E
:105EA000044B0108044B0108498701080100050063
:105EB00073870108020007004F87010804000800EB
:105EC00058870108080004005D87010810000900D8
:105ED00067870108200008007087010840000A0059
:105EE0007B87010880000600BD87010800010000D3
:105EF0000000000000202020202020202020282832
:105F00002828282020202020202020202020202079
:105F100020202020208810101010101010101010B9
:105F200010101010100404040404040404040410E9
:105F30001010101010104141414141410101010177
:105F40000101010101010101010101010101010141
:105F5000101010101010424242424242020202024D
:105F60000202020202020202020202020202020211
:105F700010101010200000000000000000000000C1
:105F80000000000000000000000000000000000011
:105F90000000000000000000000000000000000001
:105FA00000000000000000000000000000000000F1
:105FB00000000000000000000000000000000000E1
:105FC00000000000000000000000000000000000D1
:105FD00000000000000000000000000000000000C1
:105FE00000000000000000000000000000000000B1
:105FF0000000000000000000494E4600696E660087
:106000004E414E006E616E003031323334353637DA
:1060100038396162636465660000000030313233F4
:106020003435363738394142434445460000000094
:10603000286E756C6C290000300000003030303064
:106040003030303030303030303030302020202090
:10605000202020202020202020202020496E66693A
:106060006E697479000000004E614E0042616C6CF4
:106070006F63207375636365656465640000000089
:106080002F5F5F772F5F74656D702F776F726B7303
:10609000706163652F6275696C642F2E6275696C1F
:1060A000642F484F53542D7838365F36342D773669
:1060B000342D6D696E677733322F61726D2D7A657D
:1060C000706879722D656162692F7372632F6E65D6
:1060D000776C69622F6E65776C69622F6C69626399
:1060E0002F7374646C69622F64746F612E63000097
:1060F0002F5F5F772F5F74656D702F776F726B7393
:10610000706163652F6275696C642F2E6275696CAE
:10611000642F484F53542D7838365F36342D7736F8
:10612000342D6D696E677733322F61726D2D7A650C
:10613000706879722D656162692F7372632F6E6565
:10614000776C69622F6E65776C69622F6C69626328
:106150002F7374646C69622F6D707265632E6300B7
:1061600005000000190000007D0000002C2066756D
:106170006E6374696F6E3A2000000000617373658E
:106180007274696F6E2022257322206661696C65C6
:10619000643A2066696C6520222573222C206C6984
:1061A0006E65202564257325730A000043000000F6
:1061B000504F5349580000002E000000303030305E
:1061C000303030303030303030303030202020200F
:1061D000202020202020202020202020010002003C
:1061E0000400060008000A000C0010002000400017
:1061F000800000013E3E20536572766F204C494777
:1062000041444F003E3E20536572766F2044455313
:106210004C494741444F004572726F20626F74C30E
:10622000A36F202573206EC3A36F20657374C3A171
:106230002070726F6E746F004572726F2025643A21
:106240002066616C686120616F20636F6E666967AC
:1062500075726172206F2070696E6F20646F2062AA
:106260006F74C3A36F004572726F2025643A206675
:10627000616C686120616F20636F6E66696775721B
:106280006172206120696E746572727570C3A7C3F4
:10629000A36F20646F20626F74C3A36F0054687291
:1062A00065616420646F204C454420696E696369B0
:1062B0006F7500446973706F73697469766F2041FC
:1062C0004443202573206EC3A36F20657374C3A15C
:1062D0002070726F6E746F0046616C686120616F30
:1062E00020636F6E66696775726172206F206361EB
:1062F0006E616C2041444320256420286572726FD2
:10630000202564290A005468726561642064652050
:10631000636F6E74726F6C6520646F207365727644
:106320006F20706F7220706F74656E6369C3B46D97
:106330006574726F20696E696369616461005057AA
:106340004D206572726F723A2025640A0050756C98
:10635000736F3D2575207573207C20477261753DF4
:106360002564C2B00A004C65697475726120646F5F
:10637000204144432066616C686F75202865727205
:106380006F202564290A0048656C6C6F20576F7276
:106390006C6421202573006E75636C656F5F6734D4
:1063A000373472652F73746D3332673437347878CD
:1063B00000627574746F6E5F7468726561645F69A2
:1063C0006400736572766F5F7468726561645F699B
:1063D00064006C65645F7468726561645F69640021
:1063E0000A3D3D3D204C697374612064652054680A
:1063F0007265616473203D3D3D0A0A000A3D3D3DE2
:106400002052756E74696D652064617320546872E2
:1064100065616473203D3D3D0A0A000A3D3D3D2013
:10642000496E666F726D61C3A7C3B56573206465FD
:1064300020546172656661732054656D706F2052DF
:1064400065616C203D3D3D0A0A00554E4B4E4F574D
:106450004E0053454D5F4E4F4D4500252D3136734F
:10646000207C205072696F7269646164653A2025EE
:106470003264207C20507265656D70C3A7C3A36F22
:106480003A202564207C2045737461646F3A20258E
:106490002D313073207C20537461636B3A20253496
:1064A000752062797465730A000A3D3D3D20496E8E
:1064B000666F726D61C3A7C3B565732064652048BC
:1064C000454150203D3D3D0A0054616D616E686F4D
:1064D00020636F6E666967757261646F3A20256428
:1064E0002062797465730A005374617475733A207D
:1064F00048656170206F7065726163696F6E616C71
:106500000A005374617475733A2048656170207095
:106510006F646520657374617220636865696F0AD2
:1065200000252D313673207C2052756E74696D659F
:106530003A202531306C6C75207573207C204369BE
:10654000636C6F733A20256C6C750A005468726531
:1065500061643A20252D313673207C205072696F9A
:106560007269646164653A20253264207C20457339
:106570007461646F3A202564207C20537461636BDE
:10658000204C697672653A202575206279746573AE
:106590000A0052454144590053555350454E444515
:1065A000440050454E44494E470044454144005143
:1065B0005545554544007274696E666F00496E66B4
:1065C0006F726D61C3A7C3B5657320646574616C38
:1065D00068616461732064652074617265666173CB
:1065E0002052540072756E74696D65004D6F73743E
:1065F00072612074656D706F2064652065786563D5
:1066000075C3A7C3A36F206461732074687265614A
:1066100064730068656170696E666F004D6F7374B6
:10662000726120696E666F726D61C3A7C3B56573D1
:106630002064652068656170007461736B73004C41
:106640006973746120746F6461732061732074686E
:10665000726561647320646F2073697374656D6122
:106660000028756E7369676E6564292063686172BE
:10667000202A207573656420666F7220252570209E
:10668000617267756D656E742E2049742773207270
:1066900065636F6D6D656E64656420746F20636102
:1066A000737420697420746F20766F6964202A20C7
:1066B00062656361757365206974206D617920631B
:1066C00061757365206D69736265686176696F7263
:1066D00020696E206365727461696E20636F6E66F7
:1066E000696775726174696F6E732E205374726975
:1066F0006E673A2225732220617267756D656E742C
:106700003A25640063627072696E74665F706163DB
:106710006B61676500286E696C29007379735F6728
:1067200065746F70740073746D33325F6261636B94
:1067300075705F646F6D61696E006C6F6767696E1D
:1067400067006C6F67006C6F675F6D676D74004DFD
:10675000657373616765202822257322292064727E
:106760006F7070656420626563617573652069741C
:1067700020657863656564732073697A65206C6948
:106780006D69746174696F6E2028257529004D65E7
:1067900073736167652064726F70706564206265F1
:1067A00063617573652069742065786365656473DA
:1067B0002073697A65206C696D69746174696F6EA4
:1067C0002028257529000D0A001B5B306D005B2514
:1067D00030386C755D20005B253032753A253032DB
:1067E000753A253032752E253033752C25303375AA
:1067F0005D200025732F003C25733E200025733A51
:106800002000253032782000202020007C00206DE0
:10681000657373616765732064726F70706564205F
:106820002D2D2D0D0A1B5B306D001B5B313B333171
:106830006D2D2D2D20001B5B313B33316D001B5B1B
:10684000313B33336D006572720077726E00696E92
:106850006600646267006B65726E656C004B657202
:106860006E656C20636F6D6D616E64730063796338
:106870006C65733A202575206877206379636C65B1
:10688000730A006379636C6573004B65726E656CA7
:10689000206379636C65732E00556E61626C6520B0
:1068A000746F20706172736520696E707574202832
:1068B000657272202564290A00736C656570006D2D
:1068C0007300557074696D653A20256C6C75206D88
:1068D000730A002D70002D2D707265747479005547
:1068E0006E737570706F72746564206F7074696F09
:1068F0006E3A2025730A00757074696D653A20251B
:106900006C6C7520646179732C20256C6C75206823
:106910006F7572732C20256C6C75206D696E7574A3
:1069200065732C20256C6C75207365636F6E6473C2
:106930002C20256C6C75206D696C6C697365636FB8
:106940006E64730A00757074696D65004B65726ED4
:10695000656C20757074696D652E2043616E2062D0
:10696000652063616C6C6564207769746820746865
:1069700065202D70206F72202D2D707265747479D2
:10698000206F7074696F6E7300342E332E393900A6
:106990005A65706879722076657273696F6E20250A
:1069A000730A0076657273696F6E004B65726E656F
:1069B0006C2076657273696F6E2E0054686973205F
:1069C000636F6D6D616E64206973206465707265BC
:1069D0006361746564206173206974206973206148
:1069E000206475706C69636174652E205573652031
:1069F000276C6F6720656E61626C652720636F6D21
:106A00006D616E642066726F6D206C6F6767696E72
:106A10006720636F6D6D616E6473207365742E0AF9
:106A200000556E61626C6520746F207061727365D1
:106A3000206C6F67207365766572697479202865AC
:106A40007272202564290A00496E76616C6964209F
:106A50006C6F67206C6576656C3A2025640A00557A
:106A60006E61626C6520746F2066696E64206C6F65
:106A70006720736F757263653A2025730A006C6F27
:106A8000675F6C6576656C003C6D6F64756C652046
:106A90006E616D653E203C73657665726974792020
:106AA00028302D34293E00746872656164004B659E
:106AB000726E656C20746872656164732E00536336
:106AC000686564756C65723A2025752073696E631C
:106AD00065206C6173742063616C6C0A0054687289
:106AE000656164733A0A004E4100257325702025C4
:106AF0002D3130730A00096F7074696F6E733A201C
:106B0000307825782C207072696F726974793A2018
:106B100025642074696D656F75743A20256C6C640A
:106B20000A000973746174653A2025732C20656E20
:106B30007472793A2025700A0009546F74616C20D0
:106B4000657865637574696F6E206379636C6573CE
:106B50003A20257520282575202525290A00095465
:106B60006F74616C20657865637574696F6E2063FE
:106B700079636C65733A203F20283F202525290A38
:106B800000556E61626C6520746F20646574657277
:106B90006D696E6520756E757365642073746163CD
:106BA0006B2073697A6520282564290A0A00097315
:106BB0007461636B2073697A6520257A752C207562
:106BC0006E7573656420257A752C20757361676511
:106BD00020257A75202F20257A75202825752025D7
:106BE00025290A0A006C697374004C697374206B60
:106BF00065726E656C20746872656164732E002521
:106C00007020495251202530326420257328726546
:106C1000616C2073697A652025347A75293A097583
:106C20006E757365642025347A75097573616765BF
:106C30002025347A75202F2025347A752028253296
:106C40007A75202525290A00257020252D333273D9
:106C500020287265616C2073697A652025347A7505
:106C6000293A09756E757365642025347A7509753E
:106C7000736167652025347A75202F2025347A7555
:106C80002028253275202525290A00737461636B3D
:106C900073004C6973742074687265616473207347
:106CA0007461636B2075736167652E00546872654B
:106CB0006164204944202570206973206E6F742020
:106CC00076616C69640A004572726F723A53686546
:106CD0006C6C207468726561642063616E6E6F74A1
:106CE0002062652073757370656E6465640A005474
:106CF00068726561642025702073757370656E64B9
:106D000065640A0073757370656E64006B65726EFE
:106D1000656C207468726561642073757370656E4C
:106D200064203C7468726561645F69643E0045720A
:106D3000726F723A5368656C6C2074687265616436
:106D40002063616E6E6F7420626520726573756D6D
:106D500065640A005468726561642025702072655C
:106D600073756D65640A00726573756D65006B659A
:106D7000726E656C207468726561642072657375EB
:106D80006D65203C7468726561645F69643E0045AE
:106D900072726F723A5368656C6C207468726561C8
:106DA000642063616E6E6F74206265206B696C6C29
:106DB00065640A000A2054687265616420257020A9
:106DC0006B696C6C65640A006B696C6C006B657256
:106DD0006E656C20746872656164206B696C6C20F0
:106DE0003C7468726561645F69643E0044657669FD
:106DF000636520756E6B6E6F776E20282573290A88
:106E00000044657669636520257320697320616C91
:106E1000726561647920696E697469616C697A650B
:106E2000640A0044657669636520257320696E698C
:106E30007469616C697A6174696F6E206661696CEE
:106E400065642077697468206572723D25640A0064
:106E500044657669636520257320696E697469618C
:106E60006C697A6564207375636365737366756CAA
:106E70006C790A0044495341424C454400646576AC
:106E8000696365733A0A005B25705D002D202573E8
:106E90000020204454206E6F6465206C6162656C34
:106EA000733A0044657669636520636F6D6D616E4A
:106EB000647300696E6974004D616E75616C6C7904
:106EC00020696E697469616C697A65206120646506
:106ED00076696365004C69737420636F6E666967D9
:106EE0007572656420646576696365732C207769C3
:106EF000746820616E206F7074696F6E616C2066BB
:106F0000696C746572005B3C6465766963652066D4
:106F1000696C7465723E5D0025642D253032752DD7
:106F20002530327520253032753A253032753A25B4
:106F3000303275205554430A00496E76616C69649D
:106F400020686F75720A00496E76616C6964206D05
:106F5000696E7574650A00496E76616C69642073A8
:106F600065636F6E640A00496E76616C6964206DBA
:106F70006F6E74680A00496E76616C6964206461A2
:106F8000790A004661696C656420746F2063616CE6
:106F900063756C617465207365636F6E64732073D1
:106FA000696E63652045706F63680A00436F756C96
:106FB00064206E6F7420736574206461746520258D
:106FC000640A0064617465004461746520636F6DD8
:106FD0006D616E6473005B592D6D2D645D203C48BE
:106FE0003A4D3A533E00676574005B6E6F6E655DA7
:106FF000005573696E6720646174612077696474F9
:10700000682025640A00496E636F7272656374209C
:10701000646174612077696474680A005265616410
:107020002076616C7565203078256C6C780A005785
:10703000726974696E672076616C75652030782599
:107040006C6C780A00696E76616C696420616464B6
:107050007220272573270A00696E76616C696420A7
:1070600073697A6520272573270A00696E76616C3B
:10707000696420776964746820272573270A006192
:107080003A733A773A00272D61203C616464726557
:1070900073733E27206973206D616E6461746F7233
:1070A000790A00272D73203C73697A653E27206991
:1070B00073206D616E6461746F72790A0064657625
:1070C0006D656D206C6F616420737570706F727484
:1070D000732073657474696E67206279706173736D
:1070E000206F6E20612073696E676C6520696E7316
:1070F00074616E63652E0A004C6F6164696E672E61
:107100002E2E0A7072657373206374726C2D782052
:107110006374726C2D7120746F2065736361706588
:107120000A004E756D626572206F66206279746523
:107130007320726561643A2025640A002D2D002DAC
:107140006500556E6B6E6F776E206F7074696F6E31
:1071500020222573220A006465766D656D005265F4
:1071600061642F77726974652070687973696361EF
:107170006C206D656D6F72790A55736167653A0AA7
:1071800052656164206D656D6F7279206174206154
:107190006464726573732077697468206F707469B2
:1071A0006F6E616C2077696474683A0A6465766D05
:1071B000656D203C616464726573733E205B3C774F
:1071C000696474683E5D0A5772697465206D656D07
:1071D0006F727920617420616464726573732077C3
:1071E000697468206D616E6461746F72792077696B
:1071F00064746820616E642076616C75653A0A6417
:1072000065766D656D203C616464726573733E20C4
:107210003C77696474683E203C76616C75653E001D
:1072200064756D700055736167653A0A6465766DC3
:10723000656D2064756D70202D61203C6164647201
:107240006573733E202D73203C73697A653E205B25
:107250002D77203C77696474683E5D0A006C6F612D
:10726000640055736167653A0A6465766D656D20E3
:107270006C6F6164205B6F7074696F6E735D205B0F
:10728000616464726573735D0A4F7074696F6E73C5
:107290003A0A2D65096C6974746C652D656E6469B4
:1072A000616E2070617273650052582072696E675A
:1072B000206275666665722066756C6C2E00736858
:1072C000656C6C2E7368656C6C5F756172740075AB
:1072D0006172743A7E2420007368656C6C5F75611E
:1072E00072745F6261636B656E6400537562636F95
:1072F0006D6D616E64733A0A006E6F74207465720E
:107300006D696E617465643A2025630A00506C658E
:107310006173652073706563696679206120737598
:1073200062636F6D6D616E642E0A004572726F72DA
:107330003A20726571756573746564206D756C743F
:1073400069706C652066756E6374696F6E20657810
:1073500065637574696F6E730A003A20636F6D6DB3
:10736000616E64206E6F7420666F756E6400546F7A
:107370006F206D616E7920617267756D656E7473D3
:1073800020696E2074686520636F6D6D616E642E78
:107390000A0025733A2077726F6E67207061726100
:1073A0006D6574657220636F756E740A0057415283
:1073B0004E494E473A2041207072696E74207265C2
:1073C0007175657374207761732064657465637487
:1073D0006564206F6E206E6F7420616374697665DA
:1073E000207368656C6C206261636B656E642E0A45
:1073F000000A2573257300506C65617365207072F7
:1074000065737320746865203C5461623E20627528
:1074100074746F6E20746F2073656520616C6C20CE
:10742000617661696C61626C6520636F6D6D616E20
:1074300064732E0A00596F752063616E20616C734E
:107440006F2075736520746865203C5461623E202E
:10745000627574746F6E20746F2070726F6D7074CB
:10746000206F72206175746F2D636F6D706C657421
:107470006520616C6C20636F6D6D616E6473206F4D
:10748000722069747320737562636F6D6D616E64D1
:10749000732E0A00596F752063616E207472792013
:1074A000746F2063616C6C20636F6D6D616E6473CB
:1074B0002077697468203C2D683E206F72203C2D37
:1074C0002D68656C703E20706172616D65746572C7
:1074D00020666F72206D6F726520696E666F726DC7
:1074E0006174696F6E2E0A000A5368656C6C2073B4
:1074F0007570706F72747320666F6C6C6F77696EE5
:1075000067206D6574612D6B6579733A0A2020439D
:1075100074726C202B202861206B65792066726F55
:107520006D3A206162636465666B6C6E707475772A
:10753000290A2020416C7420202B202861206B65B3
:10754000792066726F6D3A206266290A506C656117
:10755000736520726566657220746F207368656C50
:107560006C20646F63756D656E746174696F6E20F5
:10757000666F72206D6F72652064657461696C73EB
:107580002E0A000A417661696C61626C6520636F46
:107590006D6D616E64733A0A00253038583A2000E8
:1075A0007C0A005072696E74732074686520686587
:1075B0006C70206D6573736167652E001B5B2564BD
:1075C0002563001B5B313B3325646D001B5B34304E
:1075D0003325646D0055736167653A20257320007B
:1075E0002D68002D2D68656C7000202D2000202056
:1075F000004C6F7374206C6F67733A20256C750AAA
:1076000000416374697665207368656C6C20626103
:10761000636B656E64733A0A0020202532642E2065
:107620003A257320282573290A005B2533645D20E1
:1076300025730A006F66660020756E6B6E6F776E3D
:1076400020706172616D657465723A200025733A2D
:10765000257325730A004563686F20737461747520
:10766000733A2025730A004E6F20726573706F6E37
:1076700073652066726F6D20746865207465726D25
:10768000696E616C2C20617373756D656420383090
:107690007832342073637265656E2073697A650A87
:1076A000001B5B366E0072657476616C0050726907
:1076B0006E742072657475726E2076616C756520CB
:1076C0006F66206D6F737420726563656E742063DE
:1076D0006F6D6D616E6400726573697A6500436FEA
:1076E0006E736F6C652067657473207465726D6965
:1076F0006E616C2073637265656E2073697A6520B4
:107700006F7220617373756D657320646566617552
:107710006C7420696E2063617365207468652072E3
:107720006561646F7574206661696C732E2049749D
:10773000206D757374206265206578656375746566
:107740006420616674657220656163682074657287
:107750006D696E616C207769647468206368616E1E
:10776000676520746F20656E7375726520636F7234
:1077700072656374207465787420646973706C61D9
:10778000792E00686973746F727900436F6D6D6153
:107790006E6420686973746F72792E007368656C0B
:1077A0006C0055736566756C2C206E6F7420556E79
:1077B00069782D6C696B65207368656C6C20636FEC
:1077C0006D6D616E64732E00636C65617200436C55
:1077D0006561722073637265656E2E0072656D005F
:1077E00049676E6F7265206C696E657320626567AC
:1077F000696E6E696E672077697468202772656D9F
:1078000020270064656661756C7400417373756D43
:107810006520383020636861727320736372656518
:107820006E20776964746820616E642073656E648D
:1078300020746869732073657474696E6720746F4F
:1078400020746865207465726D696E616C2E0062CB
:1078500061636B656E6473004C697374206163745B
:10786000697665207368656C6C206261636B656E18
:1078700064732E0A006261636B73706163655F6D90
:107880006F646500546F67676C65206261636B733A
:1078900070616365206B6579206D6F64652E0A5396
:1078A0006F6D65207465726D696E616C73206172B5
:1078B00065206E6F742073656E64696E67207365F2
:1078C0007061726174652065736361706520636FB8
:1078D000646520666F72206261636B7370616365BB
:1078E00020616E642064656C6574652062757474D3
:1078F0006F6E2E205468697320636F6D6D616E64C6
:1079000020666F72636573207368656C6C20746F9A
:1079100020696E746572707265742064656C65743C
:1079200065206B6579206173206261636B737061A0
:1079300063652E00636F6C6F727300546F67676CC2
:107940006520636F6C6F7265642073796E74617803
:107950002E00767431303000546F67676C65207686
:107960007431303020636F6D6D616E64732E007002
:10797000726F6D707400546F67676C652070726F02
:107980006D70742E006563686F00546F67676C6577
:10799000207368656C6C206563686F2E007374617A
:1079A0007473005368656C6C2073746174697374CC
:1079B0006963732E006261636B737061636500536A
:1079C000657420646966666572656E7420657363AC
:1079D00061706520636F646520666F722062616309
:1079E0006B737061636520616E642064656C65749F
:1079F00065206B65792E0064656C65746500536560
:107A000074207468652073616D65206573636170AF
:107A10006520636F646520666F72206261636B73BB
:107A20007061636520616E642064656C65746520B7
:107A30006B65792E007265736574005265736574A9
:107A4000207368656C6C2073746174697374696306
:107A50007320666F7220746865204C6F676765726B
:107A6000206D6F64756C652E0073686F77004765D5
:107A700074207368656C6C207374617469737469C5
:107A8000637320666F7220746865204C6F6767654A
:107A900072206D6F64756C652E0044697361626C51
:107AA00065207368656C6C206563686F2E20456483
:107AB0006974696E67206B65797320616E64206DEF
:107AC0006574612D6B65797320617265206E6F74CA
:107AD0002068616E646C656400456E61626C65204F
:107AE0007368656C6C206563686F2E004469736110
:107AF000626C652070726F6D70742E00456E6162ED
:107B00006C652070726F6D70742E004469736162D1
:107B10006C6520767431303020636F6D6D616E64FA
:107B2000732E00456E61626C6520767431303020B2
:107B3000636F6D6D616E64732E0044697361626C76
:107B40006520636F6C6F7265642073796E74617801
:107B50002E00456E61626C6520636F6C6F726564A8
:107B60002073796E7461782E00436F6D6D616E6461
:107B70002062756666657220697320746F6F20736A
:107B8000686F727420746F20657870616E64206114
:107B90006C6C20636F6D6D616E6473206D617463D6
:107BA00068696E672077696C6463617264207061D4
:107BB000747465726E3A2025730A0072302F613139
:107BC0003A2020307825303878202072312F6132E9
:107BD0003A2020307825303878202072322F6133D7
:107BE0003A20203078253038780072332F61343ACB
:107BF0002020307825303878207231322F69703A61
:107C00002020307825303878207231342F6C723A49
:107C100020203078253038780020787073723A2030
:107C200020307825303878004661756C74696E674D
:107C300020696E737472756374696F6E2061646419
:107C40007265737320287231352F7063293A2030A2
:107C5000782530387800556E68616E646C656420F4
:107C60004952516E3A202564002A2A2A2A2A2042A3
:107C70005553204641554C54202A2A2A2A2A0020AE
:107C800020537461636B696E67206572726F720056
:107C90002020556E737461636B696E672065727224
:107CA0006F7200202050726563697365206461748F
:107CB0006120627573206572726F720020204246E7
:107CC000415220416464726573733A20307825789C
:107CD000002020496D70726563697365206461746A
:107CE0006120627573206572726F72002020496E88
:107CF000737472756374696F6E2062757320657238
:107D0000726F72002020466C6F6174696E672D700F
:107D10006F696E74206C617A792073746174652068
:107D2000707265736572766174696F6E20657272C8
:107D30006F72002A2A2A2A2A205553414745204695
:107D400041554C54202A2A2A2A2A002020446976A8
:107D50006973696F6E206279207A65726F002020E6
:107D6000556E616C69676E6564206D656D6F7279C3
:107D7000206163636573730020204E6F20636F7012
:107D8000726F636573736F7220696E73747275635B
:107D900074696F6E73002020496C6C6567616C209C
:107DA0006C6F6164206F66204558435F524554559F
:107DB000524E20696E746F205043002020496C6C35
:107DC0006567616C20757365206F66207468652037
:107DD00045505352002020417474656D70742074B6
:107DE0006F206578656375746520756E6465666976
:107DF0006E656420696E737472756374696F6E006A
:107E00002A2A2A2A2A204D5055204641554C5420D2
:107E10002A2A2A2A2A002020537461636B696E671C
:107E2000206572726F722028636F6E74657874209B
:107E300061726561206D69676874206265206E6F8C
:107E4000742076616C69642900202044617461208B
:107E50004163636573732056696F6C6174696F6EFB
:107E60000020204D4D464152204164647265737379
:107E70003A2030782578002020496E73747275633B
:107E800074696F6E204163636573732056696F6C0C
:107E90006174696F6E005265736572766564204522
:107EA0007863657074696F6E20280053707572690D
:107EB0006F757320696E74657272757074202849CD
:107EC00052512000535053454C20696E2074687203
:107ED000656164206D6F646520646F6573206E6FEB
:107EE0007420696E64696361746520505350002A80
:107EF0002A2A2A2A2048415244204641554C5420DF
:107F00002A2A2A2A2A002020427573206661756C6D
:107F100074206F6E20766563746F72207461626C7A
:107F20006520726561640020204465627567206584
:107F300076656E740020204661756C7420657363ED
:107F4000616C6174696F6E20287365652062656C71
:107F50006F772900415243485F45584345505420AC
:107F60007769746820726561736F6E2025780A00E6
:107F70002A2A2A2A2A204465627567206D6F6E6955
:107F8000746F7220657863657074696F6E202A2A39
:107F90002A2A2A002A2A2A2A2A2025732025642907
:107FA000202A2A2A2A2A006D7075004661696C65AC
:107FB0006420746F20616C6C6F63617465206E6502
:107FC00077204D505520726567696F6E2025750AC0
:107FD00000506172746974696F6E2025753A207360
:107FE000616E69747920636865636B206661696C92
:107FF00065642E00464C4153485F30005352414D5A
:108000005F300061626F727428290A00436C6F63ED
:108010006B20636F6E74726F6C2064657669636544
:10802000206E6F7420726561647900496E76616CB0
:108030006964206C696E65206E756D6265722025BD
:108040007500696E746572727570742D636F6E74ED
:10805000726F6C6C657240343030313034303000C7
:108060006578746900657874695F73746D33320084
:108070000A06050504010301020101010001414452
:1080800043206F76657272756E206572726F722012
:108090006F636375727265642E2055736520444D5D
:1080A000412C2072656475636520636C6F636B207F
:1080B000736F75726365206672657175656E63793D
:1080C0002C20696E637265617365207072657363DD
:1080D000616C65722076616C7565206F7220696EC7
:1080E0006372656173652073616D706C696E672082
:1080F00074696D65732E00446966666572656E7499
:1081000069616C206368616E6E656C73206E6F745C
:1081100020737570706F72746564206F6E20746860
:1081200069732041444300446966666572656E74F4
:1081300069616C2063616C6962726174696F6E2041
:108140006E6F7420646F6E652C2063616E6E6F7449
:108150002075736520646966666572656E74696111
:108160006C206D6F646500496E76616C6964206394
:1081700068616E6E656C206761696E00496E76613C
:108180006C6964206368616E6E656C2072656665FB
:1081900072656E6365004163717569736974696FB7
:1081A0006E2074696D652065787065637465642000
:1081B000696E207469636B73206F6E6C7900536114
:1081C0006D706C696E672074696D652076616C7581
:1081D00065206E6F7420737570706F727465642E95
:1081E000004E756D626572206F6620636F6D6D6FF6
:1081F0006E2073616D706C696E672074696D6520A7
:108200006368616E6E656C73206E6F742073757039
:10821000706F7274656400496E76616C6964207376
:10822000616D706C696E672074696D6500414443CF
:1082300020636C6F636B20726174652067657420C6
:108240006572726F722E0041444320436C6F636B02
:108250002072617465206E756C6C00636C6F636B6B
:1082600020636F6E74726F6C20646576696365203D
:108270006E6F7420726561647900414443207069B7
:108280006E6374726C207365747570206661696CBE
:1082900065642028256429004E6F206368616E6E36
:1082A000656C732073656C656374656400546F6FEF
:1082B000206D616E79206368616E6E656C732066F7
:1082C0006F722073657175656E6365722E204D61E6
:1082D000783A20256400496E76616C696420726585
:1082E000736F6C7574696F6E0050726F7669646538
:1082F000642062756666657220697320746F6F20F2
:10830000736D616C6C202825752F25752900496EC9
:1083100076616C6964206F76657273616D706C69EB
:108320006E6700616463403530303030303030008B
:1083300061646331006164635F73746D3332007232
:108340006363403430303231303030007263630068
:108350006770696F403438303031383030006770C2
:10836000696F67006770696F40343830303134307E
:1083700030006770696F66006770696F403438302D
:108380003031303030006770696F65006770696F39
:10839000403438303030633030006770696F6400CB
:1083A0006770696F40343830303038303000677073
:1083B000696F63006770696F403438303030343033
:1083C00030006770696F62006770696F40343830E1
:1083D0003030303030006770696F6100496E76610F
:1083E0006C6964206368616E6E656C202825642961
:1083F0000043616E6E6F74207365742050574D207A
:108400006F75747075742C2076616C756520657855
:1084100063656564732031362D6269742074696DFB
:108420006572206C696D69742E004368616E6E65BB
:108430006C20256420686173204E4F20636F6D703F
:108440006C656D656E74617279206F75747075748A
:1084500000436F756C64206E6F7420696E69746977
:10846000616C697A6520636C6F636B2028256429D1
:1084700000436F756C64206E6F7420636F6E666965
:108480006775726520636C6F636B20282564290013
:1084900054696D657220636C6F636B2072617465E3
:1084A00020676574206572726F7220282564290028
:1084B00054696D657220636C6F636B20736F7572A6
:1084C0006365206973206E6F7420737065636966DD
:1084D0006965640050574D2070696E6374726C203A
:1084E0007365747570206661696C65642028256405
:1084F000290053657474696E6720646561647469EA
:108500006D65202564206F6E2061206E6F6E2D6278
:108510007265616B2074696D6572202573007077D8
:108520006D0070776D330070776D320070776D5F1E
:1085300073746D3332000001020304050607080A54
:1085400000020406080A0C0E1014000008000000C7
:1085500008000008000000000404040438387265B4
:108560007365742D636F6E74726F6C6C65720072DC
:1085700063746C004661696C65642063616C6C2097
:10858000636C6F636B5F636F6E74726F6C5F676554
:10859000745F726174652870636C6B656E5B305DCF
:1085A0002900556E61626C6520746F2073657420BC
:1085B000257320746F20256400436F756C64206EF2
:1085C0006F7420656E61626C6520284C502955419E
:1085D000525420636C6F636B007265736574206323
:1085E0006F6E74726F6C6C6572206E6F7420726542
:1085F00061647900257320646F6573206E6F742049
:10860000737570706F72742064726976657220651C
:108610006E61626C650073657269616C4034303004
:108620003038303030006C707561727431007365B1
:108630007269616C403430303133383030007573DA
:10864000617274310061726475696E6F5F73657217
:1086500069616C00756172745F73746D3332000010
:10866000000000000000000102030406070809489A
:10867000616C74696E672073797374656D00556EF3
:108680006B6E6F776E206572726F7200756E6B6EB7
:108690006F776E003E3E3E205A4550485952204664
:1086A0004154414C204552524F522025643A2025D6
:1086B00073206F6E20435055202564004661756C11
:1086C0007420647572696E6720696E746572727564
:1086D00070742068616E646C696E670A004375721D
:1086E00072656E74207468726561643A202570202A
:1086F0002825732900435055206578636570746997
:108700006F6E00556E68616E646C656420696E748E
:1087100065727275707400537461636B206F766557
:1087200072666C6F77004B65726E656C206F6F7050
:1087300073004B65726E656C2070616E69630069D1
:10874000646C65006F73002B0064756D6D79007348
:108750006C656570696E670064656164007375734C
:1087600070656E6465640061626F7274696E670043
:1087700073757370656E64696E6700717565756594
:1087800064002A2A2A20426F6F74696E67205A6536
:1087900070687972204F53206275696C642076345A
:1087A0002E332E302D313234392D67386536383737
:1087B00066633064643665202A2A2A0A0073797356
:0887C000776F726B710000007D
:1087C80000000000712C00080000000000010000FB
:1087D8000000000000000000000000000000000091
:1087E8000000000000000000000000000000000081
:1087F8000000000000000000000000000000000071
:10880800B1BA0008000000000000000000000000ED
:1088180050000020500000200D3901080000000021
:108828000000000000000000000000000000000040
:10883800700000207000002000000000010000000F
:1088480080000020800000200000000001000000DF
:108858000000000000000000000000000000000010
:108868000000000000000000000000000000000000
:1088780000000000000000000000000000000000F0
:1088880000000000000000000000000000000000E0
:1088980000000000000000000000000000000000D0
:1088A800D8000020D8000020E0000020E0000020D0
:1088B800E8000020E8000020F0000020F000002080
:1088C800F8000020F800002000010020000100202E
:1088D80008010020080100201001002010010020DC
:1088E800180100201801002020010020200100208C
:1088F800280100202801002030010020300100203C
:1089080038010020380100204001002040010020EB
:10891800480100204801002050010020500100209B
:10892800580100205801002060010020600100204B
:1089380068010020680100207001002070010020FB
:1089480078010020780100208001002080010020AB
:10895800880100208801002090010020900100205B
:108968009801002098010020A0010020A00100200B
:10897800A8010020A8010020B0010020B0010020BB
:10898800B8010020B8010020C0010020C00100206B
:10899800C8010020C8010020D0010020D00100201B
:1089A800D8010020D8010020E0010020E0010020CB
:1089B800E8010020E8010020F0010020F00100207B
:1089C800F8010020F8010020000200200002002029
:1089D80008020020080200201002002010020020D7
:1089E8001802002018020020200200202002002087
:1089F8002802002028020020300200203002002037
:108A080038020020380200204002002040020020E6
:108A18004802002048020020500200205002002096
:108A28005802002058020020600200206002002046
:108A380068020020680200207002002070020020F6
:108A480078020020780200208002002080020020A6
:108A58008802002088020020900200209002002056
:108A68009802002098020020A0020020A002002006
:108A7800A8020020A8020020B0020020B0020020B6
:108A8800B8020020B8020020C0020020C002002066
:108A9800C8020020C8020020D0020020D002002016
:108AA800D8020020D8020020E0020020E0020020C6
:108AB800E8020020E8020020F0020020F002002076
:108AC800F8020020F8020020000300200003002024
:108AD80008030020080300201003002010030020D2
:108AE8001803002018030020200300202003002082
:108AF8002803002028030020300300203003002032
:108B080038030020380300204003002040030020E1
:108B18004803002048030020500300205003002091
:108B28005803002058030020600300206003002041
:108B380068030020680300207003002070030020F1
:108B480078030020780300208003002080030020A1
:108B58008803002088030020900300209003002051
:108B68009803002098030020A0030020A003002001
:108B7800A8030020A8030020B0030020B0030020B1
:108B8800B8030020B8030020C0030020C003002061
:108B9800C8030020C8030020D0030020D003002011
:108BA800D8030020D8030020E0030020E0030020C1
:108BB800E8030020E8030020F0030020F003002071
:108BC800F8030020F803002000040020000400201F
:108BD80008040020080400201004002010040020CD
:108BE800180400201804002020040020200400207D
:108BF800280400202804002030040020300400202D
:108C080038040020380400204004002040040020DC
:108C1800480400204804002050040020500400208C
:108C2800580400205804002060040020600400203C
:108C380068040020680400207004002070040020EC
:108C4800780400207804002080040020800400209C
:108C5800880400208804002090040020900400204C
:108C68009804002098040020A0040020A0040020FC
:108C7800A8040020A8040020B0040020B0040020AC
:108C8800B8040020B8040020C0040020C00400205C
:108C9800C8040020C8040020D0040020D00400200C
:108CA8000000000038060020A00600200807002069
:108CB80000000000000000000000000000000000AC
:108CC800000000000000000000000000000000009C
:108CD800000000000000000000000000000000008C
:108CE800000000000000000000000000000000007C
:108CF800000000000000000000000000000000006C
:108D0800000000000000000000000000000000005B
:108D1800000000000000000000000000000000004B
:108D2800000000000000000000000000000000003B
:108D3800000000000000000000000000000000002B
:108D4800000000000000000001000000000000001A
:108D58000E33CDAB34126DE6ECDE05000B000000DF
:108D680000000000000000000000000000000000FB
:108D780000000000000000000000000000000000EB
:108D880000000000000000000000000000000000DB
:108D980000000000000000000000000000000000CB
:108DA80000000000000000000000000000000000BB
:108DB80000000000000000000000000000000000AB
:108DC800000000000000000000000000000000009B
:108DD800000000000000000000000000000000008B
:108DE800000000000000000000000000000000007B
:108DF800000000000000000000000000000000006B
:108E0800000000000000000000000000000000005A
:108E1800000000000000000000000000000000004A
:108E2800000000000000000000000000000000003A
:108E3800000000000000000000000000000000002A
:108E4800000000000000000000000000000000001A
:108E5800000000000000000000000000000000000A
:108E680000000000000000000000000000000000FA
:108E780000000000000000000000000000000000EA
:108E880000000000000000000000000000000000DA
:108E980000000000000000000000000000000000CA
:108EA80000000000000000000000000000000000BA
:108EB80000000000000000000000000000000000AA
:108EC800000000000000000000000000000000009A
:108ED800000000000000000000000000000000008A
:108EE800000000000000000000000000000000007A
:108EF800000000000000000000000000000000006A
:108F08000000000000000000000000000000000059
:108F18000000000000000000000000000000000049
:108F28000000000000000000000000000000000039
:108F38007D19010801000000010000000000000088
:108F48000000000000000000E46B010801000000C0
:108F58000100000059200108000000000100000085
:108F6800500A0020A4070020A407002000000000E9
:108F7800F856010810190020F7340108FB340108DD
:108F880000000000244B0108010700000000000059
:108F9800244B01080007000000000000E80700203B
:108FA800000000000000000000C2010000010300F2
:108FB8000000000000080020000000000000000081
:108FC80000C20100000103000024F400C8000000F2
:108FD8001008002010080020FFFFFFFF000002001B
:108FE800E004002043000000000000000000000032
:108FF8000000000000000000000000000000000069
:109008000000000043000000000000000000000015
:109018000000000000000000000000000000000048
:1090280000000000430000000000000000000000F5
:109038000000000000000000000000000000000028
:1090480000000000430000000000000000000000D5
:109058000000000000000000000000000000000008
:1090680000000000430000000000000000000000B5
:1090780000000000000000000000000000000000E8
:109088000000000043000000000000000000000095
:1090980000000000000000000000000000000000C8
:1090A8000000000043000000000000000000000075
:1090B80000000000000000000000000000000000A8
:1090C800000000006D0C0108E5FA0008000000002F
:1090D800F45E0108B8610108786101087861010847
:1090E80078610108786101087861010878610108F0
:1090F800786101087861010878610108FFFFFFFFC6
:10910800FFFFFFFFFFFFFFFFFFFF000001004153CC
:109118004349490000000000000000000000000072
:1091280000000000000000000000000000004153A3
:109138004349490000000000000000000000000052
:109148000000000000000000000000000000000017
:10915800FFFFFFFFFFFFFFFFFFFFFFFFFFFFFFFF17
:02916800FFFF07
:10916A0000000000000000000000000000000000F5
:10917A0000000000000000000000000000000000E5
:02918A000000E3
:10918C0000000000000000000000000000000000D3
:10919C0000000000000000000000000000000000C3
:1091AC0000000000000000000000000000000000B3
:0891BC000000000000000000AB
:0491C40000000000A7
:1091C8000000000000000000000000000000000097
:1091D8000000000000000000000000000000000087
:1091E8000000000000000000000000000000000077
:0C91F8000000000000000000000000006B
:109204000000000040530020001000000000000097
:109214000000000000000000405100200002000097
:08922400000000000000000042
:10922C00640A0020640A0020000000000000000016
:10923C000E000000780A0020780A002000000000D0
:08924C00000000000E0000000C
:109254008C0A00208C0A002000000000010000009D
:109264009C0A00209C0A002000000000010000006D
:0492740015E015E00C
:0400000508007FBDB3
:00000001FF
